work_id,title,classification,medium,year,price_usd,ready_when_photographed
KG-0906,Abhayakaragupta,,,,80000.0,no
KG-1039,"View of Verdabendroug, Fortified Heights in the Bara-Mahl",,Aquatint with brown wash,,,no
KG-1040,Animated view of Oucour in the Maissour,,Aquatint with brown wash,,,no
KG-1042,View of part of the palace of Madhoureh,,Aquatint with brown wash,,,no
KG-1044,View of the Djag-Deo Warangor Valley and other fortified heights in the Bara-Mahl,,Aquatint with brown wash,,,no
KG-1045,Animated view of the caves of Ellora,,Aquatint with brown wash,,,no
KG-1047,"Animated view of Fort Saint Georges in Madras, taken from the east",,Aquatint with brown wash,,,no
KG-1048,Beef colossal in Tanjore,,Aquatint with brown wash,,,no
KG-1049,General view of Ellora,,Aquatint with brown wash,,,no
KG-1051,View of Ryacotte in the Bara-Mahl,,Aquatint with brown wash,,,no
KG-1052,Series of engravings/prints,,Aquatint with brown wash,,,no
KG-1053,View of the ruins of the palace of Madoureh,,Aquatint with brown wash,,,no
KG-1054,General view of Ellora II,,Aquatint with brown wash,,,no
KG-1055,Animated view of the southeast of Tritchinapali,,Aquatint with brown wash,,,no
KG-1056,"Animated view of the Dau-Tali temple, on two floors",,Aquatint with brown wash,,,no
KG-1057,Animated view of the temple of Doumar Leyna,,Aquatint with brown wash,,,no
KG-1058,"View of the Rock of Trichinopoly, Taken on the Kaveri",,Aquatint with brown wash,,,no
KG-1322,"Fly TWA, the Orient",,Linen backed poster,1955,,no
KG-1330,To India by Scandinavian Airlines System,,Linen backed poster,1950,,no
KG-1331,India by SAS,,Linen backed poster,1955,,no
KG-1332,India by SAS (Duplicate),,Linen backed poster,1955,,no
KG-1333,India by SAS (Duplicate),,Linen backed poster,1955,,no
KG-1375,Lucknow/The City of Gardens,,Linen-backed poster,1935,,no
KG-1539,A Painting of the Sadhya Raga,,Opaque pigments and gold on Wasli,1800,,no
KG-1726,Vajradhara (small),,,,30000.0,no
KG-1727,Maitreya,,,1301,,no
KG-1728,Prajnaparamita,,,1501,,no
KG-1731,Vajravarahi,,,,60000.0,no
KG-1740,White Tara,,,,15000.0,no
KG-1743,Saraswati,,,,50000.0,no
KG-1756,Madonna and Child,,,1700,,no
KG-1800,A carved Amitayus book cover,,Wood panel with traces of gilding,1301,,no
KG-1835,Thousand-armed Avalokiteshvara,,,1901,,no
KG-1862,Pair of Mounted Butter Lamps,,Gilt silver and jewel,1701,,no
KG-1873,Ask Jeff,,,,,no
KG-1877,David Lynch - Untitled,,Lithograph,1973,,no
KG-1878,Paul Gorka - Not-So-Still Life,,oil on canvas,,,no
KG-1880,A DUTCH SILVER VOC INGOT,,Silver,1793,,no
KG-1883,James Hunter - Picturesque Scenery in the Kingdom of Mysore,,Aquatint,1804,40000.0,no
KG-1884,Coco De Mer Baskets,,,1901,,no
KG-1887,Laxman Pai Nirvana Lithograph,,Lithograph,,,no
KG-1888,Saadian Wooden Double Door,,Painted wood,1501,,no
KG-1889,Petrified Wood Table Top,,,1901,,no
KG-1890,Teamwork Builds Ships,,Linen backed poster,1918,,no
KG-1892,Laying animal,,,,,no
KG-1908,View taken in Fort Madhoureh,,Aquatint with brown wash,,,no
KG-1910,Series of engravings/prints,,,,,no
KG-1912,General view of Ellora,,Aquatint with brown wash,,,no
KG-1913,Animated view from the southeast of Tritchinapali,,Aquatint with brown wash,,,no
KG-1916,View taken in the fort of Tritchinapali,,Aquatint with brown wash,,,no
KG-1917,Bas relief of the temple of Indra,,"Lithograph in black pencil, lined drawing, includes the engraving of the drawing (plate no. 40 from the album) by Lecerf as well as a set of ten plates enhanced on engraved lines and a set of 22 prints (plus the first three pages of the album: title and summary)",,,no
KG-1922,Torments of the Evil Tongues,,Oil on Canvas,1601,,no
KG-1942,Marble Nandi,,Marble,1800,6000.0,no
KG-1944,Elephant,,,,,no
KG-1947,Yamani,,,501,,no
KG-1953,Pambadam Ear Ornaments,,gold sheet over a resin core,1900,,no
KG-2033,Amulet,,,1701,60000.0,no
KG-2104,NEED TITLE,,,,,no
KG-2187,Album of Early 19th Century Photographs,,,,,no
KG-2207,A Portrait of Raja,,"INDIA, RAJASTHAN, MEWAR OR KOTAH",,3000.0,no
KG-2217,Indigo Factory,,Chromolithograph,,,no
KG-2218,Caves of Ajanta - Buddhist,,Chromolithograph,,,no
KG-2223,Sketches Illustrating the Manners & Customs of the Indians & Anglo Indians Drawn on Stone from the Original Drawings from Life,,Lithographed title and dedication and 6 lithographed hand-colored plates.,1842,,no
KG-2225,Dutch Nobleman,,,,,no
KG-2226,Celadon Lacquer Tea Bowl (Kodai Ujie),,ceramic,2024,,no
KG-2238,A Comprehensive Map of the Great Game,,color lithograph,1892,,no
KG-2258,A Portrait of Mian Hadala Pal (r. 1673–1678),,Opaque watercolor heightened with gold,,,no
KG-2263,Chinese Bird Painting,,,,,no
KG-2267,"""Mother always, (from Tales of Amnesia)""",,Digital C-print,2002,,no
KG-2271,"The Writers’ Buildings, Calcutta",,aquatint and engraving,1798,,no
KG-2321,Contemporary Artworks by Korean Artists,,,,,no
KG-2352,"Flower Brooch, Tiffany and co",,Diamonds and platinum,,,no
KG-2354,Flower Ring,,"Diamonds, enamel, and gold",,,no
KG-2355,Gold and Diamond Ring,,Diamond and gold,,,no
KG-2356,Diamond Point Cut Ring,,"Gold, enamel, diamond",,,no
KG-2358,Diamond Ring,,Diamond and gilded silver,,,no
KG-2424,"Red Moon, Red Flowers, 1",,Acrylic on canvas on board,2024,8000.0,no
KG-2426,"Subaltern Abstractions, 22",,Acrylic on canvas on board,2024,8000.0,no
KG-2427,Black Buck from Sir Bani Yas Island,,Graphite,2021,8000.0,no
KG-2429,Self Portrait with Illumination,,Gouache heightened with gold on wasli,2021,12000.0,no
KG-2430,Double Think,,Gouache heightened with gold on wasli,2021,6000.0,no
KG-2431,Double Think,,Gouache heightened with gold on wasli,2021,6000.0,no
KG-2432,Double Think 2,,Gouache and gold with wasli,2021,6000.0,no
KG-2434,Double Think 1,,Gouache and gold on wasli,2021,6000.0,no
KG-2438,Make Your Own Jetfighter,,"Gouache, tea wash on wasli",2003,15000.0,no
KG-2439,"Love in the Time of Chaos, 3",,"Mixed media (gouache, tea wash and digital print with incisions)",2004,12000.0,no
KG-2440,From the Conference of Crows Series: King’s Postage,,"Tea wash, silver leaf and graphite, water colors on wasli",,10000.0,no
KG-2442,Dancing Girl?,,Graphite on clay board,2017,12000.0,no
KG-2443,Crumpled Paper Series: Pakistan 1,,Graphite on wasli,2022,12000.0,no
KG-2444,Crumpled Paper Series: Pakistan,,Graphite on wasli,2022,12000.0,no
KG-2445,Crumpled Paper Series: Shah Jahan on Terrace Holding a Pendant Set with His Portrait,,Graphite on wasli mounted on gesso board,2022,12000.0,no
KG-2446,Queen Trishala’s First Dream: Folio Fragment from a Jain Kalpa-sutra Manuscript,,"Opaque gouache heightened with gold, black ink",,,no
KG-2447,Self Portrait,,Gouache on wasli,2015,,no
KG-2451,11-Faced Avalokiteshvara with Eight Arms,,,,,no
KG-2453,11-Faced Thousand-Armed Lokeshvara,,,,,no
KG-2456,Vishnupada,,,,,no
KG-2457,Aztec Statue of Cihuateotl,,Basalt,1500,,no
KG-2462,A Group of Botanical Studies,,,,,no
KG-2463,Two Stringed Instruments,,,,,no
KG-1792,Book Cover from an Unidentified Manuscript,Books and Portfolios,Carved and painted wood,1201,,yes
KG-2190,A Gilt-Wooden Manuscript Cover,Books and Portfolios,gilt-wood,1450,,yes
KG-2192,A Gilt-Wooden Manuscript Cover 2,Books and Portfolios,gilt-wood,1450,,yes
KG-2221,"Wanderings of a Pilgrim, in Search of the Picturesque, During Four-and-Twenty Years in the East with Revelations of Life in the Zenana. Illustrated with Sketches from Nature. Volumes I and II",Books and Portfolios,"50 lithograph plates, 20 of which are hand-colored, 1 heightened with gold.",,,yes
KG-2222,Illustrations of the Botany and Other Branches of the Natural History of the Himalayan Mountains and of the Flora of Cashmere. Volumes I-II,Books and Portfolios,Lithograph plates bound in book,,,yes
KG-2235,Sixteen Illustrations to Rudyard Kipling's Jungle Book,Books and Portfolios,Color illustrations bound in book,1903,,yes
KG-2371,A Pair of Tibetan Manuscript Covers,Books and Portfolios,Polychromed Wood,,,yes
KG-2372,A Group of Three Tibetan Manuscript Covers,Books and Portfolios,Polychromed Wood,,,yes
KG-1844,A turquoise and filigree gau,Design/Decorative Art,Silver filigree set with turquoise,1901,,yes
KG-1894,A SHIMOSAKA NAGINATA IN FINE CLOISONNE-ENAMEL MOUNTS,Design/Decorative Art,Watered steel blade with cloisonné enamel mounts,1336,,yes
KG-2019,Sword,Design/Decorative Art,Watered steel,,,yes
KG-2023,Knife tip,Design/Decorative Art,Watered steel,,,yes
KG-2211,Vaishnav Temple Doors,Design/Decorative Art,"Teak with repousse silver, remnants of polychrome",1950,120000.0,yes
KG-2239,Horse Saddle Accessories,Design/Decorative Art,,,,no
KG-2359,A fine akoda nari kabuto (Helmet),Design/Decorative Art,Iron with lacquer (akoda nari kabuto),,,yes
KG-1036,Illustration to the ‘Large’ Guler-Basohli Bhagavata Purana: The Liberation of Nalakuvara and Manigriva,"Drawing, Collage or other Work on Paper",Opaque watercolor heightened with gold on paper,1760,180000.0,yes
KG-1037,"Illustration to the ‘Large’ Guler-Basohli Bhagavata Purana: Satadhanva, Akrura, and Kratvarma in Discussion","Drawing, Collage or other Work on Paper",Opaque watercolor heightened with gold on paper,1760,33800.0,yes
KG-1202,A Sikh Elder Holding Prayer Beads,"Drawing, Collage or other Work on Paper",Ink drawing with gouache on paper,1701,,yes
KG-1541,6 Botanical Studies of Tree Branches and Fruit,"Drawing, Collage or other Work on Paper",Ink and color on paper,1900,,yes
KG-1577,Radha Berates Krishna for Going with Other Women,"Drawing, Collage or other Work on Paper",Opaque pigments with gold on paper,1750,,yes
KG-1610,Figures seated in conversation,"Drawing, Collage or other Work on Paper",Ink on paper,,,yes
KG-1615,The Great Monkey Army Battles Indrajit (Leaf from the 'Second Guler' Ramayana),"Drawing, Collage or other Work on Paper",Opaque watercolor heightened with gold on paper,1790,5761665.0,yes
KG-1616,Shurpanakha Complains that her Nose was Cut off by Lakshman,"Drawing, Collage or other Work on Paper",Opaque watercolor heightened with gold on paper,1790,20000.0,yes
KG-1620,Ganesha Enthroned,"Drawing, Collage or other Work on Paper",Ink and opaque watercolor on paper,1775,90000.0,yes
KG-1631,Lalita Maha Tripura Sundari,"Drawing, Collage or other Work on Paper",Opaque watercolor heightened with silver and gold on paper,1810,35000.0,yes
KG-1672,"The Celestial Musician, Narada","Drawing, Collage or other Work on Paper",Opaque watercolor heightened with gold on paper,1630,80000.0,yes
KG-1674,Narasimha Disemboweling Hiranyakshapu,"Drawing, Collage or other Work on Paper",Opaque watercolor heightened with gold on paper,1650,120000.0,yes
KG-1680,Chinnamasta,"Drawing, Collage or other Work on Paper",Opaque watercolor heightened with gold on paper,1740,,yes
KG-1681,A portrait of Mian Hadala Pal (1673- 1678),"Drawing, Collage or other Work on Paper",Opaque watercolor heightened with gold on paper; inscribed in Devanagari with gold ink,1763,90000.0,yes
KG-1684,Rama and His Allies Take Counsel (Leaf from the ‘Second’ Guler Ramayana),"Drawing, Collage or other Work on Paper",Opaque watercolor heightened with gold on paper,1790,75000.0,yes
KG-1688,Radha and Krishna Gaze Into a Mirror,"Drawing, Collage or other Work on Paper",Opaque watercolor heightened with gold on paper,1830,60000.0,yes
KG-1738,The Elder Arhat Kanakavatsa,"Drawing, Collage or other Work on Paper",Ground mineral pigments on paper,,220000.0,yes
KG-1739,Chakrasamvara and Consort,"Drawing, Collage or other Work on Paper",Ground mineral pigments on paper,,50000.0,yes
KG-1745,Illustration to Gita Govinda: Radha Vents her Frustrations,"Drawing, Collage or other Work on Paper",Opaque watercolor heightened with gold on paper,1775,500000.0,yes
KG-1746,A Leaf from the Krishna Sudama COPY,"Drawing, Collage or other Work on Paper",Opaque watercolor on paper,,,yes
KG-1748,"Two preparatory drawings, depicting an extensive battle scene, and a ploughing contest, probably scenes from the Mahabharata","Drawing, Collage or other Work on Paper","Pen and ink on paper, numerous inscriptions in nagari script",1701,3000.0,yes
KG-1751,The Story of Creation,"Drawing, Collage or other Work on Paper",Gouache and gold on paper,1740,250000.0,yes
KG-1752,The Kurma Avatar: Samudra Manthan (The Churning of the Ocean),"Drawing, Collage or other Work on Paper",Opaque watercolor on paper,1735,,yes
KG-1757,Drunken Prince Led to Bed,"Drawing, Collage or other Work on Paper",Gouache heightened with gold on paper,,40000.0,yes
KG-1758,A Leaf from the Madhavanala Kamakandla,"Drawing, Collage or other Work on Paper",Gouache and gold on paper,1750,40000.0,yes
KG-1759,The Pandavas and Krishna Bathe in the Jamuna,"Drawing, Collage or other Work on Paper",Gouache heightened with gold on prepared paper,1750,90000.0,yes
KG-1760,Krishna Slaying the Bull Demon (Arishtasura),"Drawing, Collage or other Work on Paper",Opaque pigments and gold on paper,1701,90000.0,yes
KG-1762,Leaf from the Devi Mahatmya: Durga in a Battle Against Nishumbha,"Drawing, Collage or other Work on Paper",Opaque watercolor heightened with gold on paper,1820,15000.0,yes
KG-1763,The Asuras Madhu and Kaitabha Attack Brahma,"Drawing, Collage or other Work on Paper",Opaque watercolor on paper,1765,20000.0,yes
KG-1764,The Beauty of Ambika,"Drawing, Collage or other Work on Paper",Gouache heightened with gold on paper,1810,30000.0,yes
KG-1765,An Illustration to the Markandeya Purana: Ambika Reduces Dhumralochana to Ashes,"Drawing, Collage or other Work on Paper",Gouache heightened with gold on paper,1825,25000.0,yes
KG-1766,The Goddess Kali,"Drawing, Collage or other Work on Paper",Opaque watercolors heightened with gold on paper,1810,50000.0,yes
KG-1767,Narada Warns Kamsa,"Drawing, Collage or other Work on Paper",Opaque watercolor heightened with gold on prepared paper,1800,90000.0,yes
KG-1768,Leaf from the Bhagavata Purana Depicting Vishnu and Garuda: The Liberation of Gajendra (Gajendra Moksha),"Drawing, Collage or other Work on Paper",Gouache heightened with gold on paper,1701,28000.0,yes
KG-1771,Rama and Sita Enthroned,"Drawing, Collage or other Work on Paper",Gouache heightened with gold on paper,1830,36000.0,yes
KG-1772,Radha and Krishna watching Nautch,"Drawing, Collage or other Work on Paper",Gouache heightened with gold on paper,1800,40000.0,yes
KG-1773,Kakubha Ragini,"Drawing, Collage or other Work on Paper",Opaque watercolor heightened with gold on paper,1801,25000.0,yes
KG-1775,"Radha seated in a pavilion, visited by a female companion dressed as a boy: Illustration to a Rasikapriya Series","Drawing, Collage or other Work on Paper",Gouache heightened with gold on prepared paper,1820,28000.0,yes
KG-1776,Lakshmi massaging the foot of Vishnu,"Drawing, Collage or other Work on Paper",Opaque watercolor heightened with gold and silver on paper,1810,18000.0,yes
KG-1777,Krishna and Radha playing Yo-Yo,"Drawing, Collage or other Work on Paper",Gouache and gold on paper,1800,40000.0,yes
KG-1779,Krishna shares a drink with Radha,"Drawing, Collage or other Work on Paper",Gouache Heightened with Gold on Paper,1800,30000.0,yes
KG-1782,Illustration to a Rasikapriya Series: Krishna Paying Homage to Radha,"Drawing, Collage or other Work on Paper",Gouache heightened with gold on paper,1810,18000.0,yes
KG-1784,The Elephant Meghabaran Goes on a Rampage,"Drawing, Collage or other Work on Paper",Opaque watercolor heightened with gold on paper,1800,25000.0,yes
KG-1785,Composite Camel,"Drawing, Collage or other Work on Paper",Opaque watercolors and gold on paper,1820,12000.0,yes
KG-1786,Women at a Water Well,"Drawing, Collage or other Work on Paper",Opaque watercolors heightened with gold on paper,1850,8000.0,yes
KG-1824,Eight leaves of a Prajnaparamita manuscript,"Drawing, Collage or other Work on Paper","Natural pigments, silver and gold on paper",1401,,yes
KG-1849,Bonpo Deity,"Drawing, Collage or other Work on Paper",Ground mineral pigment on paper,1701,,yes
KG-1876,"Irene Rice Pereira, Untitled","Drawing, Collage or other Work on Paper",Gouache on paper,1956,,yes
KG-1886,I. Wayan Radjin,"Drawing, Collage or other Work on Paper",Ink and watercolor on paper,,,yes
KG-1891,Jelly Fish,"Drawing, Collage or other Work on Paper",Mixed color intaglio on wove paper,1958,,yes
KG-1893,Girl and Bird,"Drawing, Collage or other Work on Paper",watercolor on paper,,,yes
KG-1896,Polygonal Blue and White Porcelain Bowl,"Drawing, Collage or other Work on Paper",Gouache on paper,1750,,yes
KG-1920,10 Views of India,"Drawing, Collage or other Work on Paper",Opaque watercolor heightened with gold on paper,,,yes
KG-1923,A Courtesan Dancer,"Drawing, Collage or other Work on Paper",Ink with embellishments in gold on paper,1601,40000.0,yes
KG-1924,Dervish with Two Goats,"Drawing, Collage or other Work on Paper",Pen and ink drawing with gold on paper,1716,,yes
KG-1925,"Governor of Shiraz, Imam Kuli Khan in a Feathered Headdress","Drawing, Collage or other Work on Paper",Gouache heightened with gold on paper,1801,,yes
KG-1926,A Portrait of Munir-al-Mulk ('Aristu Jah'),"Drawing, Collage or other Work on Paper",Ink and gold on paper,1790,,yes
KG-1927,Double-sided Muraqqa’Folio,"Drawing, Collage or other Work on Paper",Gouache heightened with gold on paper,1718,,yes
KG-1928,A Yogi in a Landscape,"Drawing, Collage or other Work on Paper",Gouache heightened with gold on paper,1701,22000.0,yes
KG-1929,A Commemorative Portrait of Sher Shah,"Drawing, Collage or other Work on Paper",Gouache heightened with gold on paper,1800,,yes
KG-1930,A Young Prince & His Consort Seated on a Moonlit Terrace,"Drawing, Collage or other Work on Paper",Gouache heightened with gold on paper,1701,,yes
KG-1931,Raja Andhrai Singh Smoking Hookah,"Drawing, Collage or other Work on Paper",Gouache heightened with gold on paper,1701,18000.0,yes
KG-1932,A Shaivite Devotee,"Drawing, Collage or other Work on Paper",Ink drawing and gouache on paper,1701,,yes
KG-1933,Sayyid Hussein Ali (Firoz Jang) Speaking to Courtiers,"Drawing, Collage or other Work on Paper",Gouache heightened with gold on paper,1820,15000.0,yes
KG-1934,Maharaja Sarabhoji accompanied by his Minister,"Drawing, Collage or other Work on Paper",Gouache heightened with gold on paper,1790,120000.0,yes
KG-2039,Maharana Sangram Singh II in an Equestrian Procession,"Drawing, Collage or other Work on Paper",Gouache and gold on paper,,,yes
KG-2045,Maharaja Jagat Singh,"Drawing, Collage or other Work on Paper",Gouache heightened with gold on paper,1800,,yes
KG-2051,Draupadi and the Five Pandava brothers,"Drawing, Collage or other Work on Paper",Opaque watercolor heightened with gold on paper,,,yes
KG-2070,Shiva and Parvati,"Drawing, Collage or other Work on Paper",Watercolor on paper,,,yes
KG-2078,Maiden Seated on a Carpet Under an Orange Roof,"Drawing, Collage or other Work on Paper",Opaque watercolor on paper,,,yes
KG-2079,Woman on Swing,"Drawing, Collage or other Work on Paper",Opaque watercolor on paper,,,yes
KG-2082,Unidentified Manuscript,"Drawing, Collage or other Work on Paper",Ink and opaque colors on paper,,,yes
KG-2086,Illustration to Mahabharata,"Drawing, Collage or other Work on Paper",Opaque watercolor heightened with gold on paper,,,yes
KG-2088,Man in turban praying,"Drawing, Collage or other Work on Paper",Ink on paper with watercolor,,,yes
KG-2089,Man in Turban with Woman,"Drawing, Collage or other Work on Paper",Opaque watercolor heightened with gold on paper,,,yes
KG-2091,Gathering of people,"Drawing, Collage or other Work on Paper",Ink on paper,,,yes
KG-2095,Drawing of Elephant procession,"Drawing, Collage or other Work on Paper",Ink on paper,,,yes
KG-2096,The Charming Flautist (Illustration to the Gita Govinda),"Drawing, Collage or other Work on Paper",Opaque watercolor heightened with gold on paper,1775,,yes
KG-2097,Lovers on a Terrace,"Drawing, Collage or other Work on Paper",Gouache and gold on paper,,,yes
KG-2098,An Illustration from the Bharany Ramayana Series: The Monkey Army intruding Upon a Demon's Cave,"Drawing, Collage or other Work on Paper",Opaque watercolor heightened with gold on paper,,250000.0,yes
KG-2103,Krishna Sudama series,"Drawing, Collage or other Work on Paper",Opaque watercolor on paper,,,yes
KG-2105,Hunting Party,"Drawing, Collage or other Work on Paper",Gouache ink & gilt on paper,,80000.0,yes
KG-2108,An illustration from a Devi Mahatmya Series: The Saivite Holy Family (Uniara),"Drawing, Collage or other Work on Paper",opaque watercolor heightened with silver and gold on paper,,,yes
KG-2110,46 Etchings of India,"Drawing, Collage or other Work on Paper",Etching on paper,,,yes
KG-2111,A Painting of a Royal Hunt,"Drawing, Collage or other Work on Paper",Opaque watercolor heightened with gold on paper,,,yes
KG-2114,An Indian Miniature Painting depicting Krishna with Gopis,"Drawing, Collage or other Work on Paper",Opaque watercolor on paper,,,yes
KG-2115,Two women,"Drawing, Collage or other Work on Paper",Opaque watercolor heightened with gold on paper,,,yes
KG-2116,"Portrait of two men (Akbar), one seated","Drawing, Collage or other Work on Paper",Opaque watercolor heightened with gold on paper,,,yes
KG-2119,untitled watercolor,"Drawing, Collage or other Work on Paper",Watercolor on paper,,,yes
KG-2120,Royal Procession,"Drawing, Collage or other Work on Paper",Opaque watercolor on paper,,,yes
KG-2121,Leader on pallanquin,"Drawing, Collage or other Work on Paper",Opaque watercolor heightened with gold on paper,,,yes
KG-2123,Holy Family,"Drawing, Collage or other Work on Paper",opaque watercolor on paper,,,yes
KG-2139,Krishna Radha,"Drawing, Collage or other Work on Paper",Opaque watercolor on paper,,,yes
KG-2142,A painting from a Devi Mahatmya series: Durga Slaying Sumbha,"Drawing, Collage or other Work on Paper",Opaque watercolor heightened with gold on paper,,,yes
KG-2143,A painting from a Madhavanala Kamakandala series: Madhavanala as the wandering musician,"Drawing, Collage or other Work on Paper",Watercolor on paper,,,yes
KG-2144,A painting from a Baramasa Series: The Month of Vaishakha,"Drawing, Collage or other Work on Paper",Opaque watercolor heightened with gold on paper,,,yes
KG-2145,Todi Ragini: Illustration from a Ragamala Series,"Drawing, Collage or other Work on Paper",Gouache on paper,,,yes
KG-2146,Pancham Ragini: Illustration from a Ragamala Series,"Drawing, Collage or other Work on Paper",Watercolor on paper,,,yes
KG-2147,An illustration from the third Rasamanjari of Bhanu Dutta: The intoxicated courtesan,"Drawing, Collage or other Work on Paper","Opaque watercolor, gold, silver, and beetle wing cases on paper",,,yes
KG-2148,A painting from a Gita Govinda series: Radha led to Krishna for a midnight tryst,"Drawing, Collage or other Work on Paper",Watercolor on paper,,50000.0,yes
KG-2154,Folio from the Bhagavata Purana: Krishna Slays the Demon Narakasura,"Drawing, Collage or other Work on Paper",Opaque water-based pigments heightened with gold on paper,,,yes
KG-2155,Matangi Seated on Shiva,"Drawing, Collage or other Work on Paper",opaque watercolor heightened with gold on paper,,,yes
KG-2165,Bhairava ragini,"Drawing, Collage or other Work on Paper",opaque watercolor on paper,,,yes
KG-2169,A Leaf from the Shahnameh,"Drawing, Collage or other Work on Paper",Gouache on paper,1600,175000.0,yes
KG-2172,The Wedding of Vishnu and Lakshmi,"Drawing, Collage or other Work on Paper",Opaque watercolor on paper,,,yes
KG-2181,A Painting from the Gita Govinda,"Drawing, Collage or other Work on Paper",opaque watercolor heightened with gold on paper,,,yes
KG-2185,"Portrait of Shitab Rai, Naib Diwan of Bihar","Drawing, Collage or other Work on Paper",Opaque pigments with gold on paper,1770,18000.0,yes
KG-2186,Portrait of a Nobleman,"Drawing, Collage or other Work on Paper",Opaque watercolor on paper,,,yes
KG-2194,Megha Raga: Illustration from a Ragamala Series,"Drawing, Collage or other Work on Paper",Gouache and gold on paper,,,yes
KG-2195,A Painting of a Courtesan,"Drawing, Collage or other Work on Paper",Gouache and gold on paper,1780,,yes
KG-2196,A Painting of Tantric Devi Seated on Shiva,"Drawing, Collage or other Work on Paper",Gouache and gold on paper,1840,,yes
KG-2200,Kali Dances on Two Lovers,"Drawing, Collage or other Work on Paper","ink, opaque watercolor and gold on paper",1840,50000.0,yes
KG-2201,An Illustration from a Markendeya Purana Series: The Devimahatmya,"Drawing, Collage or other Work on Paper","ink, opaque watercolor, gold on paper",1700,50000.0,yes
KG-2208,"A PAINTING FROM A RAMAYANA SERIES: RAMA, SITA AND LAKSHMANA ARRIVE AT THEIR CHARIOT","Drawing, Collage or other Work on Paper",Opaque watercolor on paper,,6000.0,yes
KG-2209,Four Hand Colored Aquatints,"Drawing, Collage or other Work on Paper",Opaque watercolor on paper,,,yes
KG-2212,Uvaria Tomentosa [Pl.35] William Roxburgh,"Drawing, Collage or other Work on Paper","Engraving, coloured by hand on paper",,6000.0,yes
KG-2213,Grislea Tomentosa [Pl. 31] William Roxburgh,"Drawing, Collage or other Work on Paper","Engraving, coloured by hand on paper",,6000.0,yes
KG-2214,Diospyros Melanoxylon [Coromandel Ebony or Ebony Persimmon] [Pl. 46] William Roxburgh,"Drawing, Collage or other Work on Paper","Engraving, coloured by hand on paper",,6000.0,yes
KG-2215,Ardisia Solanacea [Shoebutton Ardisia or Marlberry] [Pl. 27] William Roxburgh,"Drawing, Collage or other Work on Paper","Engraving, coloured by hand on paper",,6000.0,yes
KG-2216,Bassia Latifolia [Broad-leaved Mahua or Mowha] [Pl. 19] William Roxburgh,"Drawing, Collage or other Work on Paper","Engraving, coloured by hand on paper",,6000.0,yes
KG-2228,Goddess Ganga Astride Makara,"Drawing, Collage or other Work on Paper",gouache heightened with gold on paper,1800,,yes
KG-2229,Krishna Revels with the Gopis: Page from a Dispersed Gita Govinda (Song of the Cowherds),"Drawing, Collage or other Work on Paper",opaque watercolor with silver on paper,1630,,yes
KG-2230,Rama and Lakshmana on Mount Pavarasana: Folio from the Shangri Ramayana series (Style II),"Drawing, Collage or other Work on Paper","Ink, opaque watercolor, silver on paper",1690,,yes
KG-2234,"Krishna and Gopis (Recto); Kamadeva, God of Desire, Shooting an Arrow at Krishna (Verso), Folio from a Gita Govinda (Song of the Cowherd)","Drawing, Collage or other Work on Paper",opaque watercolor and ink on paper,1585,,yes
KG-2248,A nayika longing for her beloved,"Drawing, Collage or other Work on Paper",Opaque watercolor painting and gold on paper,,,yes
KG-2249,Garuda with Siva’s snakes and Hindu divinities in his plumage,"Drawing, Collage or other Work on Paper",Opaque watercolor painting and gold on paper,1750,,yes
KG-2250,Rama and Sita enthroned,"Drawing, Collage or other Work on Paper",Opaque watercolor painting and gold on paper,,,yes
KG-2251,The Churning of the Ocean of Milk,"Drawing, Collage or other Work on Paper",Opaque watercolor painting and gold on paper,1785,,yes
KG-2252,Shiva Ardhanarishvara,"Drawing, Collage or other Work on Paper",Opaque watercolor heightened with gold on paper,,,yes
KG-2255,Krishna and Gopis (Recto),"Drawing, Collage or other Work on Paper",Opaque watercolor and ink on paper,,,yes
KG-2259,A Northern Shoveler,"Drawing, Collage or other Work on Paper",watercolor on paper,,,yes
KG-2260,Uma Maheshvara Enthroned,"Drawing, Collage or other Work on Paper",Opaque watercolor heightened with gold on paper,1800,,yes
KG-2264,Islamic Text,"Drawing, Collage or other Work on Paper",Ink on paper,,,yes
KG-2265,Prince at a Terrace,"Drawing, Collage or other Work on Paper",Opaque watercolor on paper,,,yes
KG-2278,Brahma and Saraswati on a Lotus,"Drawing, Collage or other Work on Paper",Opaque watercolor heightened with gold on prepared paper,,,yes
KG-2279,Epic Battle Scene: Ganesha and Kartikeya in War,"Drawing, Collage or other Work on Paper",Opaque watercolor heightened with gold on paper,1800,,yes
KG-2280,Majnun Sketch,"Drawing, Collage or other Work on Paper",Ink on paper,,,yes
KG-2281,Samudra Manthan: Kurma Avatar,"Drawing, Collage or other Work on Paper",Opaque watercolor heightened with gold on paper,,,yes
KG-2282,Raja Watching Elephant Fight,"Drawing, Collage or other Work on Paper",opaque watercolor heightened with gold on paper,1830,,yes
KG-2289,Vishnu and Lakshmi on Shesha,"Drawing, Collage or other Work on Paper",Opaque watercolor heightened with gold on paper,,,yes
KG-2290,Gaja Lakshmi with Vishnu,"Drawing, Collage or other Work on Paper",Opaque watercolor heightened with gold and silver on paper,1810,,yes
KG-2291,Illustration to the Devi Mahatmya: Durga in Battle,"Drawing, Collage or other Work on Paper",opaque watercolor heightened with gold and silver on paper,1850,,yes
KG-2294,Krishna as Murli Manohar,"Drawing, Collage or other Work on Paper",Gouache heightened with gold on prepared paper,1750,,yes
KG-2295,Krishna and the Serpent Kaliya,"Drawing, Collage or other Work on Paper",Gouache heightened with gold on prepared paper,1800,15000.0,yes
KG-2297,Majnun in Wilderness,"Drawing, Collage or other Work on Paper",opaque watercolor heightened with gold on paper,,80000.0,yes
KG-2303,"Surah An-Naml from a Quran Manuscript, Verses 5–18 (Recto), 18–33 (Verso)","Drawing, Collage or other Work on Paper","Ink, gold leaf and polychrome on parchment paper",,,yes
KG-2306,"Near Currah on the River Ganges, Published by Robert Bowyer","Drawing, Collage or other Work on Paper",Aquatint with brown wash,1976,,yes
KG-2307,A Lady and Musician,"Drawing, Collage or other Work on Paper",Opaque watercolor heightened with gold on paper,,,yes
KG-2315,Noble Hunting Procession with Falcons,"Drawing, Collage or other Work on Paper",Gouache heightened with gold on prepared paper,1800,8000.0,yes
KG-2320,"""Plumb Wine"" Kuan Chang","Drawing, Collage or other Work on Paper",Mixed media on paper,1996,,yes
KG-2323,Patamanjari Ragini,"Drawing, Collage or other Work on Paper",Gouache and gold on paper,1690,,yes
KG-2325,A Ruler on Horseback Hunting,"Drawing, Collage or other Work on Paper",Gouache heightened with gold on prepared paper,1750,,yes
KG-2326,Portrait of a Seated Maharaja / Sikh Nobleman,"Drawing, Collage or other Work on Paper",Gouache heightened with gold on prepared paper,1850,,yes
KG-2336,Vishnu and Garuda Approach an Ascetic,"Drawing, Collage or other Work on Paper",opaque watercolor heightened with gold on paper,,8000.0,yes
KG-2346,Royal Leisure in Court Chambers,"Drawing, Collage or other Work on Paper",Opaque watercolor on prepared paper,,,yes
KG-2347,Seated Royal Figure with Attendants,"Drawing, Collage or other Work on Paper",Opaque watercolor on prepared paper,,,yes
KG-2348,Rama’s Procession Led by Hanuman,"Drawing, Collage or other Work on Paper",Opaque watercolor on prepared paper,,,yes
KG-2349,Two Lovers in Bed,"Drawing, Collage or other Work on Paper",Opaque watercolor on prepared paper,,,yes
KG-2350,Ragini Patmanjari: Illustration from a Ragamala Series,"Drawing, Collage or other Work on Paper",Opaque watercolor on prepared paper,,,yes
KG-2364,A Painting of Gyan Bazi,"Drawing, Collage or other Work on Paper",pen and ink on paper,1800,,yes
KG-2365,Parashurama Killing King,"Drawing, Collage or other Work on Paper",Gouache on paper heightened with gold,,,yes
KG-2383,Man with a Note,"Drawing, Collage or other Work on Paper",watercolor heightened with gold on paper,,,yes
KG-2384,Man Smoking Hookah,"Drawing, Collage or other Work on Paper",watercolor heightened with gold on paper,,,yes
KG-2385,Man with Falcon,"Drawing, Collage or other Work on Paper",watercolor on paper,,,yes
KG-2386,Portrait of a Nobleman,"Drawing, Collage or other Work on Paper",watercolor heightened with gold on paper,,,yes
KG-2387,Portrait of a Man,"Drawing, Collage or other Work on Paper",watercolor on paper,,,yes
KG-2388,Illuminated Manuscript,"Drawing, Collage or other Work on Paper",watercolor heightened with gold on paper,,,yes
KG-2389,Rustam Takes Prisoner the Khan of China: Illustration to the Shahnameh by Firdausi,"Drawing, Collage or other Work on Paper",watercolor on paper,,,yes
KG-2390,Illuminated Manuscript,"Drawing, Collage or other Work on Paper",watercolor on paper,,,yes
KG-2391,"Surah At-Tawbah from a Quran Manuscript, Verses 34–36 with Persian didactics","Drawing, Collage or other Work on Paper",Ink on prepared paper,,,yes
KG-2392,Manuscript Leaf: Khamsa (Five Tales) of Nizami,"Drawing, Collage or other Work on Paper",Ink and gold on paper,,,yes
KG-2393,Jain Kalpa-sutra Manuscript,"Drawing, Collage or other Work on Paper",ink and watercolor on paper,,,yes
KG-2394,"Surah At-Tawbah from a Quran Manuscript, Verses 112–120 (Recto), 120–129 (Verso)","Drawing, Collage or other Work on Paper","Ink, watercolor on prepared paper",,,yes
KG-2396,Unknown Scene: Folio from a Jain Kalpa-sutra Manuscript,"Drawing, Collage or other Work on Paper",Ink and opaque colors on paper,,,yes
KG-2397,The Twenty Tirthankaras: Folio from a Jain Kalpa-sutra Manuscript,"Drawing, Collage or other Work on Paper",Opaque watercolor heightened with gold on paper,,,yes
KG-2398,Mahavira Plucks Out His Hair: Folio from a Jain Kalpa-sutra Manuscript,"Drawing, Collage or other Work on Paper",Opaque watercolor heightened with gold on paper,,,yes
KG-2399,Hanuman in the Presence of Rama and Sita,"Drawing, Collage or other Work on Paper",opaque watercolor heightened with gold on paper,,150000.0,yes
KG-2400,"Surah An-Nisa from a Quran Manuscript, Verses 122–127 (Recto)","Drawing, Collage or other Work on Paper",Ink on prepared paper,,,yes
KG-2418,Untitled,"Drawing, Collage or other Work on Paper",pencil on paper,1999,6000.0,yes
KG-2419,Untitled,"Drawing, Collage or other Work on Paper",Pencil on paper,1999,6000.0,yes
KG-2423,"A Mughal Lady, Courtesy of Royal Collection","Drawing, Collage or other Work on Paper",Graphite on wasli,2020,12000.0,yes
KG-2425,"Wedding Procession, Dara Shikoh, Courtesy of Royal Collection","Drawing, Collage or other Work on Paper",Graphite on wasli,2020,12000.0,yes
KG-2428,Crumpled Paper Series: Shah Jahan on Horse,"Drawing, Collage or other Work on Paper",Graphite on paper,2022,12000.0,yes
KG-2433,Crumpled Paper Series: Jinnah in Cap and Suit,"Drawing, Collage or other Work on Paper",Graphite on wasli,2022,12000.0,yes
KG-2435,Krishna and Radha,"Drawing, Collage or other Work on Paper",Digital print on paper,2009,8000.0,yes
KG-2436,Untitled (Portrait of Zayed),"Drawing, Collage or other Work on Paper",Gouache and gold leaf on paper,2018,18000.0,yes
KG-2437,"India Trip, 2","Drawing, Collage or other Work on Paper","Gouache, tea wash, photo transfer and gold on wasli mounted on paper board, bound in book form",2001,18000.0,yes
KG-2441,Self Portrait with Ponytail,"Drawing, Collage or other Work on Paper",Gouache and tea wash on paper,,22000.0,yes
KG-2448,Harappa Figurine 1,"Drawing, Collage or other Work on Paper",graphite on paper,2017,8000.0,yes
KG-2449,Harappa Figurine 2,"Drawing, Collage or other Work on Paper",graphite on paper,2017,8000.0,yes
KG-2454,Illustration to the Ramayana: Sita in Ravana's Palace (Scene 100),"Drawing, Collage or other Work on Paper",opaque watercolor heightened with gold on paper,,25000.0,yes
KG-2283,Air India Postcards - Cairo & Moscow,Ephemera or Merchandise,Set of printed postcards,,,yes
KG-2284,Air India 3.31.1993 Ticket BOM - LDN,Ephemera or Merchandise,Printed airline ticket,,,yes
KG-2285,Air India Timetable June 1962,Ephemera or Merchandise,Printed booklet,1962,,yes
KG-2286,"Air India Timetable June 15 - October 31, 1970",Ephemera or Merchandise,Printed booklet,1970,,yes
KG-2287,"Air India Timetable April 1 - August 31, 1979",Ephemera or Merchandise,Printed booklet,,,yes
KG-2288,"Air India Timetable April 1, 1976",Ephemera or Merchandise,Printed booklet,1976,,yes
KG-2299,Air India Boeing 707 Special Flight In Flight Menu,Ephemera or Merchandise,Printed menu card,,,yes
KG-2300,Air India Safety Instructions Pamphlet,Ephemera or Merchandise,Printed pamphlet,,,yes
KG-2351,Rose cut diamond with faceted pavilion,Jewelry,Diamond,1850,,yes
KG-2353,Gold and Sapphire Ring,Jewelry,Gold and sapphire,,,yes
KG-1805,Group of 4 Manuscripts,Other,,,,no
KG-1848,Colophon Page from Manuscript,Other,,,,no
KG-2085,Double-sided page of a book,Other,,,,no
KG-2092,Leaf from a Manuscript depicting Hermits / Hindu Holy Men,Other,,,,no
KG-2136,Walzer Illustrated Manuscript,Other,,,12000.0,no
KG-2240,Malwa Coin (ungraded),Other,,1500,1500.0,no
KG-2241,Akbar (r. 1556-1605) Indian Rupee Coin,Other,Silver,,2000.0,yes
KG-2242,King and Emperor Edward VII India Rupee,Other,silver,1906,2000.0,yes
KG-2243,Queen Victoria India Rupee,Other,Silver,,2000.0,yes
KG-2244,Shah Jahan (r. 1628 - 1658) India Rupee,Other,Silver,,2000.0,yes
KG-2245,Akbar (r. 1556-1605) India Rupee,Other,Silver,,2000.0,yes
KG-2246,King William IV India Rupee,Other,Silver,1835,2000.0,yes
KG-2247,King and Emperor Edward VII India Rupee Coin,Other,,1905,2000.0,no
KG-2261,Parajnaparamita Manuscripts,Other,,,,no
KG-2319,Anthology of Indian Classical Music,Other,,,,no
KG-0012,"A Thangka of Palden Lhamo, 19th century",Painting,Ground mineral pigments on cloth,,28000.0,yes
KG-1005,Untitled (Woman Standing),Painting,Tempera painting on cardboard,1920,15000.0,yes
KG-1035,Thomas Daniell and Robert Havell - 3 engravings,Painting,Aquatint with brown wash,1801,,yes
KG-1483,Man and woman near fire,Painting,Opaque watercolor on paper,,,yes
KG-1715,Buddha Shakyamuni and the Thirty-five Buddhas of Confession,Painting,Mineral pigments on cloth,1401,,yes
KG-1717,Magzor Gyelmo,Painting,Mineral pigment on cloth,1701,22000.0,yes
KG-1718,Abhayakaragupta,Painting,mineral pigments on cloth,1701,40000.0,yes
KG-1720,Four-armed Mahakala with Consort,Painting,Ground mineral pigments on cloth,1701,150000.0,yes
KG-1736,"56 Divinities, Pancaraksa Devi mandala",Painting,Ground mineral pigments on cloth,,400000.0,yes
KG-1737,Shakyamuni,Painting,Ground mineral pigments and gold on cloth,1701,30000.0,yes
KG-1741,"Vajrapani, Hayagriva, Garuda combined",Painting,Ground mineral pigments on cloth,1801,30000.0,yes
KG-1747,Rathore Hunting a Lion / Maharana Ari Singh Hunting,Painting,Opaque watercolor on paper,,,yes
KG-1749,An illustration to a Mahabharata Series: Vidura confers with Dhritharashatra,Painting,Opaque watercolor on paper,1820,,yes
KG-1750,Vidura confers with Dhritharashtra Attributed to Purkhu,Painting,Opaque watercolor on paper,,50000.0,yes
KG-1753,"Vamana, the Dwarf Incarnation of Vishnu",Painting,Opaque watercolor on paper,1750,275000.0,yes
KG-1761,Blind Mans Buff,Painting,Opaque watercolor on paper,1775,50000.0,yes
KG-1769,Hamir Consults With His Advisors While His Archers Hold The Fort,Painting,Opaque watercolor on paper,1810,50000.0,yes
KG-1770,Women in a Hunting Lodge,Painting,Opaque watercolor on paper,1801,40000.0,yes
KG-1774,Love-Lorn Lady,Painting,Opaque watercolor on paper,1850,22000.0,yes
KG-1778,Radha and Krishna with Mirror,Painting,Opaque watercolor on paper,1830,50000.0,yes
KG-1780,The Month of Pausha (Mid December to Mid January),Painting,Opaque watercolor on paper,1800,18000.0,yes
KG-1781,Radha and Krishna under parasol,Painting,Opaque watercolor on paper,1701,40000.0,yes
KG-1783,Krishna on the Road to Kundinapura,Painting,Opaque watercolor on paper,1800,50000.0,yes
KG-1794,Mahakala,Painting,Ground mineral pigments on cloth,1901,,yes
KG-1802,Sarvabuddha Dakini with Dancing Citipati,Painting,Ground mineral pigments on cloth,1701,,yes
KG-1803,Vairocana,Painting,Ground mineral pigments on cloth,1701,,yes
KG-1804,Seventh Dalai Lama,Painting,Ground mineral on cloth,1701,,yes
KG-1806,Jain Cosmological Diagram,Painting,Pigment on linen,1401,,yes
KG-1812,A Mandala Depicting Vajrabhairava,Painting,Opaque watercolor on paper,1701,15000.0,yes
KG-1813,Large Thangka White Tara Tibetan,Painting,gouache on cotton,1801,24000.0,yes
KG-1814,Dipankara Buddha with Arhats Deities,Painting,gouache on cotton,1701,24000.0,yes
KG-1815,Buddha Akshobhya Crown Leaf 14th,Painting,gouache on cotton,1301,,yes
KG-1816,Green Tara with Monks and Deities Thangka,Painting,gouache on cotton,1801,25000.0,yes
KG-1823,A painting of Tsongkhapa,Painting,Opaque watercolor on paper,1801,,yes
KG-1863,Tibetan Thangka of Seated Buddha,Painting,Ground mineral pigments on cloth,1701,,yes
KG-1865,A Bhagavani Sitatapatra Mandala,Painting,Ground mineral pigments on cloth,1535,,yes
KG-1874,Palden Lhamo,Painting,Distemper on cloth,1801,,yes
KG-1879,Four Chinese Paintings of Water Fowl,Painting,Watercolor on pith,1800,,yes
KG-1881,"The Great Pagoda, Trichinopoly",Painting,Aquatint and engraving,1797,,yes
KG-1882,Two Watercolor Street Scenes,Painting,Watercolor,1901,,yes
KG-1918,A Hand Colored Aquatint of Colonel Mordaunt's Cock Match,Painting,Opaque watercolor on paper,,1700.0,yes
KG-2040,Cornelis Boele painting 4,Painting,Opaque watercolor on paper,,,yes
KG-2041,Cornelis Boele painting 1,Painting,Opaque watercolor on paper,,,yes
KG-2042,Cornelis Boele painting 2,Painting,Opaque watercolor on paper,,,yes
KG-2043,Cornelis Boele painting 3,Painting,Opaque watercolor on paper,,,yes
KG-2044,Cornelis Boele painting 5,Painting,Opaque watercolor on paper,,,yes
KG-2055,A Painting of a Drinking Party,Painting,Opaque watercolor on paper,,,yes
KG-2059,An Orange Poppy,Painting,Opaque watercolor on paper,,,yes
KG-2067,Need title,Painting,Opaque watercolor on paper,,,yes
KG-2068,Need title,Painting,Opaque watercolor on paper,,,yes
KG-2069,Need title,Painting,Opaque watercolor on paper,,,yes
KG-2071,Ganesha with Attendants,Painting,Opaque watercolor on paper,,,yes
KG-2072,Rama and Lakshmana in Wilderness,Painting,Opaque watercolor on paper,,,yes
KG-2073,Illustration to Devi Mahatmya: Durga in Battle,Painting,Opaque watercolor on paper,,,yes
KG-2074,Equestrian Scene,Painting,Opaque watercolor on paper,,,yes
KG-2075,Maharaja Dhiraj Singh Hunting Boar,Painting,Opaque watercolor on paper,,,yes
KG-2076,Need title,Painting,Opaque watercolor on paper,,,yes
KG-2077,Man attacked by Bear,Painting,Opaque watercolor on paper,,,yes
KG-2080,Leaf from a Ragini,Painting,Opaque watercolor on paper,,,yes
KG-2081,Courting Scene,Painting,Opaque watercolor on paper,,,yes
KG-2083,Noblewomen Visiting a Shaivite Shrine,Painting,Opaque watercolor on paper,,,yes
KG-2084,Portrait of Ganesha,Painting,Opaque watercolor on paper,,,yes
KG-2087,Ascetic beneath a tree,Painting,Opaque watercolor on paper,,,yes
KG-2090,Rasikapriya of Keshavdas,Painting,Opaque watercolor on paper,1634,,yes
KG-2094,Men on Horseback,Painting,Opaque watercolor on paper,,,yes
KG-2100,Album of Company School Paintings and 19th c. Ephemera,Painting,Opaque watercolor on paper,,26000.0,yes
KG-2102,"Leaf from the Bhagavata Purana: The Story of Creation Varaha, the Boar Incarnation of Vishnu Appears before Brahma, Manu, and Satarupa",Painting,Opaque watercolor on paper,,,yes
KG-2106,Tibetan Thangka depicting Saddha,Painting,Opaque watercolor on paper,,30000.0,yes
KG-2109,Jain Manuscript Pages and Painting,Painting,Opaque watercolor on paper,,,yes
KG-2117,Tibetan Thangka,Painting,Opaque watercolor on paper,,,yes
KG-2118,Tibetan Thangka,Painting,Opaque watercolor on paper,,,yes
KG-2122,Illustrated manuscript,Painting,Opaque watercolor on paper,,,yes
KG-2124,Narasimha Disemboweling Hiranyakashipu,Painting,Opaque watercolor on paper,,,yes
KG-2125,Sudama,Painting,Opaque watercolor on paper,,,yes
KG-2137,Sufi,Painting,Opaque watercolor on paper,,,yes
KG-2138,Company portrait of a lady,Painting,Opaque watercolor on paper,,,yes
KG-2140,Portrait of a Raja,Painting,Opaque watercolor on paper,,,yes
KG-2141,Lady under Canopy,Painting,Opaque watercolor on paper,,,yes
KG-2151,A Thangka of Palden Lhamo,Painting,Distemper on cloth,,15000.0,yes
KG-2152,Lady holding a flower,Painting,Opaque watercolor on paper,,,yes
KG-2153,A Prince taking leave of his Lover,Painting,Opaque watercolor on paper,,,yes
KG-2156,Samdura Mantan,Painting,Opaque watercolor on paper,,,yes
KG-2157,Krishna steals the moon,Painting,Opaque watercolor on paper,,,yes
KG-2158,Snakes and ladders,Painting,Opaque watercolor on paper,,,yes
KG-2159,Orissa Palm Leaf,Painting,Opaque watercolor on paper,,,yes
KG-2163,Krishna Quells the Serpent Kaliya: Illustration from a Bhagavata Purana Series,Painting,Opaque watercolor on paper,,,yes
KG-2170,Painting of a Copper-headed Trinket Snake (Coelognathus Radiatus),Painting,Opaque watercolor on paper,,,yes
KG-2171,gift from Deepak,Painting,Opaque watercolor on paper,,,yes
KG-2175,Kedara Ragini,Painting,Opaque pigments on wasli heightened with gold,,,yes
KG-2176,Abhisandhita Nayika,Painting,Opaque watercolor on paper,,,yes
KG-2177,A Prince Seated with two Courtiers on a Terrace,Painting,Opaque watercolor on paper,,,yes
KG-2178,Rukmini Haran: Krishna Leaves the Court,Painting,Opaque watercolor on paper,,,yes
KG-2179,Harivamsa: Krishna and Pandava Princes Battle Demon Army,Painting,Opaque watercolor on paper,,,yes
KG-2180,Pratka Utka Nayika: Illustration to a Rasikapriya Series,Painting,Opaque watercolor on paper,,,yes
KG-2184,La Poupee,Painting,Oil on canvas,,10000.0,yes
KG-2188,Arhat/Sthavira (Buddhist Elder),Painting,"Ground mineral pigment, red background on cotton",1600,44000.0,yes
KG-2197,A Painting of the Gate at Taj Mahal,Painting,Opaque watercolor on paper,1850,,yes
KG-2220,Osbeckia Angustifolia [Pl. 251],Painting,"Hand-coloured lithograph by M. Gauci, printed by Engelmann & Co.",,6000.0,yes
KG-2224,Thangka Of Two Trailokyavijaya Mandalas,Painting,Ground mineral pigments on cotton,,38000.0,yes
KG-2232,Mandala of the Buddhist Protective Deity Sitatapatra (White Parasol),Painting,opaque water color on cloth,1700,,yes
KG-2256,Mandala of the Buddhist Protective Deity Sitatapatra (White Parasol),Painting,Opaque watercolor on cloth,,,yes
KG-2262,Untitled,Painting,Opaque watercolor on paper,,,yes
KG-2266,Portrait of a Chinese Opium Boat,Painting,Opaque watercolor on paper,,,yes
KG-2309,Miscellaneous Asian artworks (set of ink Krishna works),Painting,Opaque watercolor on paper,,,yes
KG-2322,Devi Mahatmya,Painting,Mixed media on cloth,,,yes
KG-2328,Illustration from the Bhagavata Purana: The Abduction of Rukmini,Painting,Gouache on card,1850,10000.0,yes
KG-2329,Prince and Lady,Painting,Gouache on card heightened with gold leaf,1850,6000.0,yes
KG-2330,Krishna and Consort Receiving Royal Guests,Painting,Gouache on card heightened with gold leaf,1800,15000.0,yes
KG-2331,Shiva and Parvati Worshipped by Deities,Painting,Gouache on card heightened with gold leaf,1800,12000.0,yes
KG-2373,Stopping at the Well,Painting,Oil on panel,,,yes
KG-2374,Figures and Cattle on a Track Overlooking the Sea,Painting,Oil on panel,,,yes
KG-2375,White Tara,Painting,Ground mineral pigments on cloth,,18000.0,yes
KG-2376,"Study: Grasses, Clover, and Queen Anne's Lace",Painting,Oil on Masonite,,,yes
KG-2379,Madonna and Child - Under the Lace Veil,Painting,Opaque watercolor on paper,2010,,yes
KG-2381,A Tipperah View and A View From Suberb,Painting,oil on canvas,1850,,yes
KG-2395,Green Tara,Painting,Ground mineral pigments on cotton,,80000.0,yes
KG-2455,Guru Dragpo,Painting,Ground mineral pigments on cotton,,,yes
KG-2107,"Portrait of the Maharaja of Jaipur, Sawai Man Singh II (India, 1912-1970)",Photograph,Hand colored silver gelatin photograph,,,yes
KG-2166,Group of Thugs,Photograph,Gelatin silver print,,,yes
KG-2268,Jacqueline Kennedy Trip to India,Photograph,photograph,1962,,yes
KG-2269,Crowds Gather - Jacqueline Kennedy Trip to India,Photograph,Photograph,1962,,yes
KG-2293,George Bernard Shaw,Photograph,Photograph,,,yes
KG-2304,Grandpa Siple,Photograph,Gelatin silver print,,,yes
KG-2305,Indian man photo (large scale),Photograph,Gelatin silver print,,,yes
KG-2316,Selection of Company School Admirals and Generals Portraits (4 Men),Photograph,painted photograph,,,yes
KG-2317,Gobardhun - Upper Portion of the Palace,Photograph,Gelatin silver print,,,yes
KG-2318,Marble Tomb of Sheik Selin Christi,Photograph,Gelatin silver print,,,yes
KG-2327,"India, Nepal, Kashmir & Afghanistan Album",Photograph,Photographic prints bound in album,,60000.0,yes
KG-2402,"Interior of Dilwara Temple, Mount Abu, India",Photograph,Photograph,,,yes
KG-2403,H. H. The Nizam’s Daughter,Photograph,photograph,,,yes
KG-2404,"The Taj Mahal from the River Bank Showing the Bathing Ghats, Agra, India",Photograph,photograph,1887,,yes
KG-2405,"The Entrance to Ellora Caves, Aurangabad",Photograph,Photograph,,,yes
KG-2406,"Diwani-E-Khas, Red Fort, Delhi, India",Photograph,photograph,,,yes
KG-2407,"Lake Palace, Udaipur, India",Photograph,Photograph,,,yes
KG-2408,"Inscription on the Tomb of Shamsuddin, Qutub Minar, Delhi, India",Photograph,Photograph,1888,,yes
KG-2409,Gwalior Fort,Photograph,Aquatint with brown wash,1880,,yes
KG-2410,"H.H. The Nizam, Mandapalli, India",Photograph,Photograph,,,yes
KG-2411,Sir Lepal Griffin (Center) and Party at the Chichai Waterfall near Rewa,Photograph,Gelatin silver print,1882,,yes
KG-2412,Water Palace at Deegh,Photograph,Gelatin silver print,,,yes
KG-2413,Onkarjee Mandhata Temple and Ghat,Photograph,Photograph,1886,,yes
KG-2414,"Lake Near Indore, India",Photograph,Photograph,1888,,yes
KG-2415,Agra Port,Photograph,photograph,,,yes
KG-2416,"Qutub Minar, Delhi",Photograph,photograph,,,yes
KG-2417,Indian Elephant,Photograph,photograph,,,yes
KG-1323,Fly TWA – The Orient,Posters,Linen backed poster,1955,,yes
KG-1324,"India, Fly TWA",Posters,Linen backed poster,1960,,yes
KG-1325,Fly TWA - India,Posters,Linen backed poster,1960,,yes
KG-1326,Fly TWA - India,Posters,Linen backed poster,1960,,yes
KG-1365,"India, Air France",Posters,Color lithograph on paper,,,yes
KG-1885,Thomas Daniell and Robert Havell - 3 engravings,Print,Aquatint with brown wash,1801,,yes
KG-2126,"Maharu no asagiri daigo (Morning Mist at Taj Mahal, no.5)",Print,Woodblock print,1932,15000.0,yes
KG-2127,"Night in Taj Mahal, no 6",Print,Woodblock print,1932,15000.0,yes
KG-2128,Caravan from Afghanistan (day),Print,Woodblock print,1932,15000.0,yes
KG-2129,Caravan from Afghanistan: moonlit night,Print,Woodblock print,1932,15000.0,yes
KG-2149,HAL-900,Print,Giclée,,55144.0,yes
KG-2150,Taj Mahal No. 1,Print,Woodblock in colors,1931,12000.0,yes
KG-2202,Golden Temple in Amritsar (Amurissaa),Print,Woodblock print,1931,25000.0,yes
KG-2203,"Ellora, cave temple no.3 (Erora daisango kutsuin)",Print,Woodblock print,1932,25000.0,yes
KG-2204,Snake charmers (Hebizukai),Print,Woodblock print,1932,15000.0,yes
KG-2206,Caravan from Afghanistan: moonlit night,Print,Woodblock print,1932,15000.0,yes
KG-2219,"A Choutry, Or Place of Worship",Print,Aquatint with brown wash,1802,,yes
KG-2236,"A Map of Bengal, Bahar, Oude & Allahabad with Part of Agra and Delhi Exhibiting the Course of the Ganges from Hurdwar to the Sea",Print,Hand-coloured engraved map,1786,6000.0,yes
KG-2237,Colonel Mordaunts Cock Match at Lucknow [Key Image],Print,Hand-colored aquatint with stipple,,6000.0,yes
KG-2272,The Baolee at Ramnagur,Print,Aquatint with brown wash,1803,,yes
KG-2273,A View of the Scotch Church from the Gate of Tank Square,Print,Aquatint with brown wash,1825,,yes
KG-2274,A View of the Tank Square from the West,Print,Aquatint with brown wash,1824,,yes
KG-2275,A View of the Town Hall,Print,Aquatint with brown wash,1825,,yes
KG-2276,A View from the Esplanade Row from Chouringee Road,Print,Aquatint with brown wash,1824,,yes
KG-2310,The Third Cave Temple in Ellora(Erora no daisan no dokutsu jin),Print,Woodblock Print,,15000.0,yes
KG-2311,A Gate to the Stupa of Sanchi (Sanchi no mon),Print,Woodblock print,,15000.0,yes
KG-2312,"Shalimar Garden, Lahore (Sharamaru Gaaden)",Print,Woodblock Print,,15000.0,yes
KG-2313,The Golden Pagoda at Rangoon,Print,Woodblock print,1931,15000.0,yes
KG-2314,The Palace of Udaipur (Udaipuru no shiro),Print,Woodblock print,,15000.0,yes
KG-2420,The Third Cave Temple in Ellora(Erora no daisan no dokutsu jin),Print,Woodblock Print,,15000.0,yes
KG-2422,"Shalimar Garden, Lahore (Sharamaru Gaaden)",Print,Woodblock Print,,15000.0,yes
KG-1018,Indian clay figures,Sculpture,"Clay, hair, cloth",1801,28000.0,yes
KG-1626,Vishnu,Sculpture,Copper alloy,1501,150000.0,yes
KG-1657,Vajravarahi,Sculpture,Bronze,1101,180000.0,yes
KG-1658,Buddha Shakyamuni,Sculpture,Phyllite stone stele,1001,35000.0,yes
KG-1666,Bodhisattva,Sculpture,Inlaid gilt-copper,1301,,yes
KG-1697,A carved sandstone Jina,Sculpture,Sandstone,1001,225000.0,yes
KG-1699,Ganesh,Sculpture,Black stone,1101,360000.0,yes
KG-1700,A stone stele of Shiva and Parvati (Uma Maheshvara),Sculpture,black stone,1001,,yes
KG-1701,A black stone stele of Vishnu,Sculpture,Black stone,1101,,yes
KG-1702,A silver-inlaid bronze figure of Ganesha,Sculpture,Bronze w silver inlay,901,60000.0,yes
KG-1703,A bronze figure of a female retinue figure,Sculpture,Bronze,975,40000.0,yes
KG-1704,A bronze figure of Manjushri or Avalokiteshvara,Sculpture,Bronze,801,50000.0,yes
KG-1705,A bronze figure of Skanda,Sculpture,Copper Alloy,1001,,yes
KG-1707,A bronze figure of the goddess Meenakshi,Sculpture,Bronze,1101,,yes
KG-1708,A bronze figure of Parvati,Sculpture,Copper alloy,1700,68047.0,yes
KG-1709,A bronze figure of Durga,Sculpture,Bronze,1301,50000.0,yes
KG-1710,Shrine of Tirthankara Anantanatha,Sculpture,Bronze with silver and copper inlay,1434,18000.0,yes
KG-1711,A bronze figure of Ganesha,Sculpture,Bronze,1401,8000.0,yes
KG-1712,A gilt-bronze figure of Nandi,Sculpture,gilt-bronze,1301,26000.0,yes
KG-1713,A gilt-bronze figure of Kala Bhairava,Sculpture,Bronze,1501,18000.0,yes
KG-1714,A silver figure of Vajrapani,Sculpture,Silver,1201,80000.0,yes
KG-1716,A bronze figure of Kala Jambhala,Sculpture,Bronze,1501,12000.0,yes
KG-1719,A soapstone figure of Mahakala Panjaranatha,Sculpture,bronze,1601,15000.0,yes
KG-1721,Vajrasattva / Vajrapani,Sculpture,Bronze,1101,,yes
KG-1722,Je Tsongkhapa,Sculpture,Gilt Bronze,1701,43750.0,yes
KG-1723,Amoghapasha,Sculpture,Copper,1401,60000.0,yes
KG-1724,Vajrapani,Sculpture,Gilt Bronze with Polychrome,1601,30000.0,yes
KG-1725,Amitayus,Sculpture,Gilt Bronze,1501,40000.0,yes
KG-1729,Silver Padmapani,Sculpture,Silver,,80000.0,yes
KG-1730,Yama Dharmaraja,Sculpture,Bronze,1701,75000.0,yes
KG-1732,A Sino-Tibetan Gilt-bronze Figure of Avalokiteshvara,Sculpture,Gilt-Bronze,1701,25000.0,yes
KG-1733,Pala Padmapani,Sculpture,Bronze,,80000.0,yes
KG-1734,"Dombini [Dakini, Pala Style (Vajrayogini)]",Sculpture,Copper alloy,,40000.0,yes
KG-1735,Wood Indra,Sculpture,Wood,,95000.0,yes
KG-1742,Figure of Nandi,Sculpture,Sandstone,1101,16000.0,yes
KG-1744,Shiva Nataraja,Sculpture,,,,no
KG-1787,Vajrasattva,Sculpture,Gilt-bronze,1401,,yes
KG-1788,Bon Vajrapani,Sculpture,Gilt bronze,1401,,yes
KG-1789,Amitabha,Sculpture,Gilt bronze,1401,,yes
KG-1790,Tara,Sculpture,Gilt bronze,1501,,yes
KG-1791,Green Tara,Sculpture,Gilt bronze,1501,,yes
KG-1793,Vajrayogini,Sculpture,Gilt-bronze,1701,,yes
KG-1795,Achala,Sculpture,Painting on wood,1701,,yes
KG-1796,Zoomorphic Bardo Mask,Sculpture,Bronze,1701,,yes
KG-1797,Jizo Bosatsu,Sculpture,Wood,1401,,yes
KG-1798,Heruka Hayagriva,Sculpture,Bronze,,,yes
KG-1799,A votive stele of Begtse Chen,Sculpture,Kaolinite,1601,,yes
KG-1801,Flint Box,Sculpture,Cast in repousse silver and bronze with red coral,1801,,yes
KG-1807,Achala,Sculpture,bronze,,,yes
KG-1808,Kapala Ritual item,Sculpture,Gilt bronze and silver with semi-precious stone inlay,1801,,yes
KG-1809,Dipankara,Sculpture,Bronze,2018,6000.0,yes
KG-1810,Temple Rattle,Sculpture,Terracotta,,,yes
KG-1811,A silver repousse charger,Sculpture,Silver,1801,,yes
KG-1817,A gilt-bronze figure of Buddha Shakyamuni,Sculpture,gilt-bronze,1401,,yes
KG-1818,A Nepalese Bronze Figure of Seated Vasudhara,Sculpture,Gilt-bronze,1201,10000.0,yes
KG-1819,A gilt-bronze figure of a bodhisattva,Sculpture,gilt-bronze,1701,6000.0,yes
KG-1820,A gilt-bronze figure of Maitreya,Sculpture,gilt-bronze,1701,,yes
KG-1821,A gilt-bronze figure of Yama Dharmaraja,Sculpture,gilt-bronze,1701,,yes
KG-1825,A stone chaturmukha lingam,Sculpture,Stone,1001,,yes
KG-1826,A Tibetan Bronze Mandala Leaf,Sculpture,Bronze,1201,2000.0,yes
KG-1827,A Tibetan Bronze Mandala Leaf (Hevajra Retinue Figure),Sculpture,Bronze,1201,2000.0,yes
KG-1828,A repousse image of Vishnu,Sculpture,gilt-copper,1601,,yes
KG-1829,A stone figure of Kala Jambhala,Sculpture,stone,,,yes
KG-1830,A votive stele of Kala Jambhala,Sculpture,wood,,,yes
KG-1831,A votive stele of Kala Jambhala,Sculpture,stone,,,yes
KG-1832,A painted bronze figure of Pelden Lhamo,Sculpture,bronze with polychrome,1900,,yes
KG-1833,Figure of Amitayus,Sculpture,Bronze,1801,5000.0,yes
KG-1834,Jambhala,Sculpture,,1901,,no
KG-1836,A gilt-bronze lotus base with prostrate figure,Sculpture,gilt-bronze,1701,,yes
KG-1837,Yama Dharmaraja with Consort,Sculpture,bronze,1801,,yes
KG-1838,A bronze figure of Manjushri,Sculpture,bronze,1201,,yes
KG-1839,A Tibetan Parcel-Gilt Bronze Figure of Tsongkapha,Sculpture,Gilt-bronze,1801,5000.0,yes
KG-1840,Manjugosha,Sculpture,Gilt bronze,1701,,yes
KG-1841,A Tibetan Parcel-gilt figure of a Seated Lama,Sculpture,Parcel-gilt bronze,,4000.0,yes
KG-1842,A bronze figure of a deity,Sculpture,Bronze,1901,,yes
KG-1843,A bronze figure of Vajrabhairava,Sculpture,Bronze,,,yes
KG-1845,Vajrayogini,Sculpture,gilt-bronze,,,yes
KG-1846,A bronze stele of a deity,Sculpture,bronze,1701,,yes
KG-1847,Laughing Buddha,Sculpture,,,,no
KG-1851,A gilt-bronze figure of Tara,Sculpture,Gilt bronze,,,yes
KG-1852,Gold statue of man with many heads,Sculpture,Gold,,,yes
KG-1853,Gold statue with animal head dancing,Sculpture,Gold,,,yes
KG-1854,Bell,Sculpture,,,,no
KG-1855,Gold statue with many arms,Sculpture,Gold,,,yes
KG-1856,Small bowl with image of lady inside,Sculpture,,,,no
KG-1857,Gold bell shaped object,Sculpture,Gold,,,yes
KG-1858,Gold statue many arms and heads (w/ base),Sculpture,Gold,,,yes
KG-1859,Large statue with many arms legs heads,Sculpture,,,,no
KG-1860,Sitting man with hand raised,Sculpture,,,,no
KG-1861,A gilt copper alloy shrine to dancing Ganesha,Sculpture,Gilt copper alloy,969,,yes
KG-1864,Bodhisattva,Sculpture,Copper alloy,901,,yes
KG-1866,Framed collection of four large Tibetan carved bone apron ornaments,Sculpture,Bone,,,yes
KG-1867,Framed collection of seventeen small Tibetan carved bone apron ornaments,Sculpture,Bone,,,yes
KG-1868,A Nepalese carved wood mask of Bhairava,Sculpture,"Wood, traces of pigment",1401,8000.0,yes
KG-1870,Chakrasamvara with consort in Yab-Yum Bhutan,Sculpture,Polychrome wood,1701,6000.0,yes
KG-1871,Jambhala,Sculpture,Stone,1201,,yes
KG-1935,Ganesh,Sculpture,bronze,801,,yes
KG-1936,A Gandharan Sandstone Head of Buddha Shakyamuni,Sculpture,Sandstone,101,,yes
KG-1937,Bust of Vishnu,Sculpture,Stone,701,,yes
KG-1938,Sitting Parvati,Sculpture,Bronze,1801,,yes
KG-1939,Cast Brass Lion Form Palki Handle,Sculpture,Brass,1801,3000.0,yes
KG-1940,Brahma Head,Sculpture,Stone,1001,,yes
KG-1941,Figurine of Parvati,Sculpture,Bronze,901,,yes
KG-1945,A Bronze Figure of Krishna,Sculpture,Bronze,1401,,yes
KG-1946,A sandstone head of Muchalinda,Sculpture,Sandstone,1101,,yes
KG-1948,Anglo Indian inlaid hardwood box,Sculpture,"teakwood with bone and ebony inlay, brass mounts,",1801,,yes
KG-1949,Elephant Shaped Sprinkler for Holi,Sculpture,Brass,1801,,yes
KG-1950,Group of 4 Betel Scissors,Sculpture,Copper Alloy,1801,,yes
KG-1951,Large Anglo-Indian Inlaid Box,Sculpture,Inlaid wood,1801,,yes
KG-1952,Ceremonial Shield,Sculpture,brass,1900,,yes
KG-1954,Repousse Indian Bowl,Sculpture,,,,no
KG-1955,A sandstone relief of a Nagaraja couple,Sculpture,Sandstone,501,,yes
KG-1956,A Mathuran pillar,Sculpture,Sandstone,,,yes
KG-1957,A Mathuran pillar,Sculpture,Sandstone,,,yes
KG-1958,Red Sandstone Stele of a Four-Armed Deity,Sculpture,Sandstone,901,15000.0,yes
KG-1959,A spotted red sandstone head of a male,Sculpture,Spotted red sandstone,101,,yes
KG-1960,A bronze stepped lotus mandala base,Sculpture,Bronze,1101,,yes
KG-1961,"A terracotta head of a male deity, probably Indra",Sculpture,Terracotta,401,,yes
KG-1962,A Bronze Butter Lamp Depicting Gaja Lakshmi,Sculpture,Bronze,1601,,yes
KG-1963,A brass figure of Krishna,Sculpture,Brass,1401,,yes
KG-1964,A brass tiger-head box,Sculpture,Brass,1701,,yes
KG-1965,Figure of Garuda,Sculpture,Terracotta,,,yes
KG-1966,A pewter and brass spice or pandan box adorned with birds,Sculpture,Brass,1801,,yes
KG-1967,A brass Shiva lingam cover,Sculpture,Brass,1701,60000.0,yes
KG-1968,A bronze figure of Vishnu,Sculpture,Bronze,801,,yes
KG-1969,A gilt silver chowrie handle,Sculpture,Gilt Silver,1801,6000.0,yes
KG-1970,A Rosewater Dropper,Sculpture,Brass,1701,,yes
KG-1972,A Corpulent Figure of a Seated Ganesha,Sculpture,Bronze,1301,,yes
KG-1973,"Figure of Bhu-Devi, consort of Vishnu",Sculpture,Bronze,1701,18000.0,yes
KG-1974,Maitreya,Sculpture,grey schist,101,,yes
KG-1975,Parnashavari,Sculpture,phyllite stone stele,901,,yes
KG-1976,Ganesha,Sculpture,copper alloy,1201,,yes
KG-1977,A stone stele of Vishnu,Sculpture,stone,,,yes
KG-1978,Lady with Child,Sculpture,Stone,1101,,yes
KG-1979,Dancing Shiva,Sculpture,,1101,,no
KG-1980,Elephant fights Tiger,Sculpture,,1101,,no
KG-1981,Surya,Sculpture,Stone,1101,48000.0,yes
KG-1982,Buddhist Frieze,Sculpture,Stone,201,,yes
KG-1983,A red sandstone head of a bodhisattva,Sculpture,mottled red sandstone,101,,yes
KG-1984,An Indian Brass Jain Shrine Tirthankara Anantanatha,Sculpture,Brass,1301,2000.0,yes
KG-1985,Need title,Sculpture,,,,no
KG-1986,Need title,Sculpture,,,,no
KG-1987,Need title,Sculpture,,,,no
KG-1988,Shrine,Sculpture,,,,no
KG-1990,Shrine,Sculpture,,,,no
KG-1991,Need title,Sculpture,,,,no
KG-1992,Need title,Sculpture,,,,no
KG-1993,Mohra,Sculpture,Brass,,,yes
KG-1994,Need title,Sculpture,,,,no
KG-1995,Need title,Sculpture,,,,no
KG-1996,Durga Mahishasudamardini,Sculpture,,,,no
KG-1997,"A bronze group of Brahma, Vishnu, Shiva, and Parvati",Sculpture,Bronze,,,yes
KG-1998,A bronze figure of Prajnaparamita,Sculpture,bronze,1001,,yes
KG-1999,Ganesha,Sculpture,bronze,901,,yes
KG-2000,A bronze lotus base,Sculpture,Bronze,,,yes
KG-2001,A bronze figure of Surya,Sculpture,Bronze,,,yes
KG-2002,Figure of Durga,Sculpture,Bronze,,,yes
KG-2005,Need title,Sculpture,,,,no
KG-2006,A gray schist stupa,Sculpture,gray schist,101,,yes
KG-2007,Stupa (with relics inside),Sculpture,gray schist,101,,yes
KG-2008,Erotic Ivory,Sculpture,Ivory,,,yes
KG-2009,A small stone stele of Padmapani,Sculpture,Stone,,,yes
KG-2010,A silver- and copper-inlaid figure of Manjsuhri,Sculpture,Silver- and copper-inlaid bronze,,,yes
KG-2011,Hariti,Sculpture,Gray Schist,,,yes
KG-2012,Need title,Sculpture,,,,no
KG-2013,Need title,Sculpture,,,,no
KG-2014,Need title,Sculpture,,,,no
KG-2015,Need title,Sculpture,,,,no
KG-2016,Need title,Sculpture,,,,no
KG-2017,Need title,Sculpture,,,,no
KG-2018,Need title,Sculpture,,,,no
KG-2020,Need title,Sculpture,,,,no
KG-2021,Need title,Sculpture,,,,no
KG-2022,Betel Scissors,Sculpture,,,,no
KG-2024,Head,Sculpture,,,,no
KG-2025,Jingle bells,Sculpture,,,,no
KG-2026,Need title,Sculpture,,,,no
KG-2027,Need title,Sculpture,,,,no
KG-2028,Astrological Diagrams,Sculpture,,,,no
KG-2029,Surya,Sculpture,Basalt,901,,yes
KG-2030,The child Jesus as ‘Savior of the World’,Sculpture,ivory,1701,,yes
KG-2031,Gold base with heart shape,Sculpture,Gold,,,yes
KG-2032,Bronze lady statue,Sculpture,Bronze,,,yes
KG-2035,Vishnu and Garuda,Sculpture,Bronze,1201,,yes
KG-2036,A Singhalese Silver Kastane Hilt,Sculpture,Silver,1701,3500.0,yes
KG-2037,Saber hilt,Sculpture,Engraved silver with red stone and gold application,1800,,yes
KG-2038,Dancing Bhairava,Sculpture,Sandstone,901,,yes
KG-2046,Kris,Sculpture,,,12000.0,no
KG-2047,A Nepalese Parcel Gilt Bronze Figure of Kali,Sculpture,Gilt-bronze,,4000.0,yes
KG-2048,An Indonesian Bronze Figure of a Female Retinue,Sculpture,Bronze,,4000.0,yes
KG-2049,Bronze Stupa,Sculpture,Bronze,,6048.0,yes
KG-2050,Bronze Phurba,Sculpture,Bronze,,,yes
KG-2052,A Sino-Tibetan Gilt-bronze Figure of Green Tara,Sculpture,Gilt bronze,,12000.0,yes
KG-2053,A Tibetan Parcel-gilt Bronze Figure of Avalokiteshvara,Sculpture,Bronze,,1000.0,yes
KG-2054,A Nepalese Parcel-Gilt Bronze Figure of Standing Avalokiteshvara,Sculpture,Bronze,,2000.0,yes
KG-2056,A Nepalese Parcel-gilt Bronze Figure of Vajrasattva,Sculpture,Bronze,,2000.0,yes
KG-2057,A Tibetan Gilt-bronze Figure of Yama Dharmaraja,Sculpture,Bronze,,3000.0,yes
KG-2058,A Tibetan Gilt Copper Alloy Figure of Avalokiteshvara,Sculpture,Copper,,2000.0,yes
KG-2060,"A Tibetan Semi-precious Stone Inlaid Gilt Bronze and Silver Skull Cup, Kapala",Sculpture,"Gilt bronze and silver, stone-inlaid",,2000.0,yes
KG-2061,An Indian Bronze Figure of a Seated Deity,Sculpture,Bronze,,2000.0,yes
KG-2062,An Indian Bronze Figure of a Standing Female Attendant,Sculpture,Bronze,,2000.0,yes
KG-2063,A Small Nepalese Bronze Figure of Yamantaka,Sculpture,Bronze,,1500.0,yes
KG-2064,A Tibetan Bronze Figure of Hayagriva OR Red Jambhala,Sculpture,Bronze,,2500.0,yes
KG-2065,A Small Tibetan Pola Bronze Stupa,Sculpture,Bronze,,4000.0,yes
KG-2099,Figure of Jambhala,Sculpture,Bronze,,,yes
KG-2101,"A pair of carved, silvered and painted wood figures of Rampant Horses",Sculpture,"Wood, silver, paint",,35000.0,yes
KG-2112,Tibetan Ewer,Sculpture,Silver-gilt and mixed metal,,,yes
KG-2113,Figure of Amoghapasha,Sculpture,Gilt-copper,,4480.0,yes
KG-2130,Vajradaka,Sculpture,Bronze,,8000.0,yes
KG-2131,Maitreya - Bodhisattva,Sculpture,bronze,,60000.0,yes
KG-2132,Krishna with butter ball,Sculpture,Bronze,,6000.0,yes
KG-2133,Surya (Sun God),Sculpture,Stone,,50000.0,yes
KG-2134,Walzer Ganesha,Sculpture,Bronze,,,yes
KG-2135,Ganesh,Sculpture,,,35000.0,no
KG-2160,"Set of Sancai-glazed pottery figures of the Eight Immortels, Qing Dynasty",Sculpture,Sancai glazed pottery,,2715.0,yes
KG-2161,A Rock Crystal Sphere on a Silver Dragon,Sculpture,Rock Crystal and Silver,,80000.0,yes
KG-2162,Shrine: a rare bronze group of Vishnu and Lakshmi with various avatars and attendants,Sculpture,Bronze,,7560.0,yes
KG-2164,Ganesh,Sculpture,,,1000.0,no
KG-2167,Vajrasattva,Sculpture,Gilt-bronze,,615000.0,yes
KG-2168,Maitreya,Sculpture,gilt-copper alloy,,300000.0,yes
KG-2173,Maha Akshobhya,Sculpture,Gilt copper alloy,,60000.0,yes
KG-2174,Buddha Shakyamuni,Sculpture,Gilt copper alloy,,90000.0,yes
KG-2191,A Gilt-Bronze Stupa,Sculpture,gilt-bronze,1800,,yes
KG-2193,A Painted Wood Figure of a Lady,Sculpture,wood,1850,,yes
KG-2198,Black Madonna,Sculpture,bronze,1961,,yes
KG-2199,Girl Putting Flower in Hair,Sculpture,bronze,1965,,yes
KG-2210,A BRONZE KADAMPA STUPA,Sculpture,Bronze,,,yes
KG-2227,A Tibetan Ritual Spear Head with Skull,Sculpture,Silver and Bronze,,8000.0,yes
KG-2231,Bodhisattva Avalokiteshvara (Guanyin),Sculpture,Gilt-bronze,1800,,yes
KG-2233,"Kalpavriksha, the Wish-Fulfilling Tree",Sculpture,brass,1600,,yes
KG-2253,"The Hindu Gods Vishnu, Shiva, and Brahma",Sculpture,Black schist,,,yes
KG-2254,"Kumara, The Divine General",Sculpture,Gray schist,,,yes
KG-2257,Bodhisattva Avalokiteshvara (Guanyin),Sculpture,Gilt bronze,,,yes
KG-2277,Akshobhya Buddha - (Peaceful Appearance),Sculpture,"Metal, Mercuric Gild, Precious Stone, Stone Inset: Coral, Turquoise",,,yes
KG-2292,Deogarh Vessel,Sculpture,Terracotta,,,yes
KG-2298,Red Sandstone Vishnu,Sculpture,Red Sandstone,,25000.0,yes
KG-2301,Figure of Duck,Sculpture,cast bronze,,,yes
KG-2302,Provincial Animals,Sculpture,cast bronze,,,yes
KG-2308,An Ancient Indo-Gangetic Anthropomorphic Figure,Sculpture,Copper,,60000.0,yes
KG-2324,Gemstone: Star Spinel - 3.41 Cts,Sculpture,Gemstone,,,yes
KG-2335,Vishnu Schist,Sculpture,Green Schist,,,yes
KG-2337,Figure of Shakyamuni Buddha,Sculpture,copper alloy,1500,,yes
KG-2338,Figure of Shakyamuni Buddha,Sculpture,copper alloy,1400,,yes
KG-2339,Figure of Buddha,Sculpture,copper alloy,1300,,yes
KG-2340,Figure of Chakrasamvara,Sculpture,gilt-copper alloy,1800,,yes
KG-2341,Figure of Yamantaka,Sculpture,gilt-copper alloy,1700,,yes
KG-2342,A Standing Figure of Buddha,Sculpture,Copper alloy,,,yes
KG-2343,Figure of Vajrapani,Sculpture,copper alloy,1700,,yes
KG-2344,Figure of Shakyamuni Buddha,Sculpture,Blue Grey Schist,,,yes
KG-2345,Chola Ganesha,Sculpture,Bronze,1200,200000.0,yes
KG-2360,Ekmukhalingam,Sculpture,green stone,700,,yes
KG-2362,Little Spanish Mother,Sculpture,Cast bronze sculpture on a black marble base,,,yes
KG-2363,Paul Robeson as Othello,Sculpture,Bronze on a marble base,,,yes
KG-2366,Monumental seated Buddha Sakyamuni,Sculpture,Parcel gilt-copper repoussé with pigments,,,yes
KG-2367,A Celestial Apsara Beneath a Canopy of Flowers,Sculpture,,,10000.0,no
KG-2368,A Tibetan Gilt Bronze Figure of a Lama,Sculpture,Gilt-bronze,,,yes
KG-2369,Japanese Wood-Carved Figure of Luohan,Sculpture,Wood,,,yes
KG-2370,Varaha,Sculpture,Yellow Sandstone,,,yes
KG-2377,2 Tibetan 100 Srang,Sculpture,,,,no
KG-2378,India Postage Stamps,Sculpture,,,,no
KG-2382,A Wood Mandala Table,Sculpture,Wood,,,yes
KG-2450,Palden Lhamo (Shri Devi),Sculpture,Polychrome on bronze,,,yes
KG-2452,Vaishravana Riding a Lion,Sculpture,Polychrome on stone,,,yes
KG-2458,Téo Mask,Sculpture,,,,no
KG-2459,Gilt-Bronze Figure,Sculpture,Gilt-bronze,,,yes
KG-2460,Olmec Jaguar Man,Sculpture,"Magmatic stone, olivine basalt",,,yes
KG-2461,Aztec Goddess Chalchiuhtlicue,Sculpture,Stone,,,yes
KG-2034,Pashmina shawl,Textile Arts,Pashmina wool,,,yes
