work_id,field,current_in_primer,should_be,evidence_source,reason
KG-1000,classification,Painting,"Drawing, Collage or other Work on Paper",match_workbook,(per match_workbook)
KG-1000,materials,,Opaque Watercolor on Paper,match_workbook,(filled from match_workbook)
KG-1001,classification,Painting,"Drawing, Collage or other Work on Paper",match_workbook,(per match_workbook)
KG-1001,materials,,Opaque watercolor heightened with gold on paper,match_workbook,(filled from match_workbook)
KG-1002,classification,Painting,"Drawing, Collage or other Work on Paper",match_workbook,(per match_workbook)
KG-1002,materials,,Gouache and gold on paper,match_workbook,(filled from match_workbook)
KG-1003,classification,Painting,"Drawing, Collage or other Work on Paper",match_workbook,(per match_workbook)
KG-1003,materials,,Opaque watercolor heightened with gold on paper,match_workbook,(filled from match_workbook)
KG-1004,classification,Painting,"Drawing, Collage or other Work on Paper",match_workbook,(per match_workbook)
KG-1004,materials,,Opaque watercolor heightened with gold on paper,match_workbook,(filled from match_workbook)
KG-1006,materials,,Sandstone,match_workbook,(filled from match_workbook)
KG-1007,classification,Object,Sculpture,match_workbook,(per match_workbook)
KG-1007,materials,,Stucco,match_workbook,(filled from match_workbook)
KG-1008,materials,,Gray Schist,match_workbook,(filled from match_workbook)
KG-1009,materials,,Blue Grey Schist,match_workbook,(filled from match_workbook)
KG-1010,materials,,Schist,match_workbook,(filled from match_workbook)
KG-1011,classification,Painting,"Drawing, Collage or other Work on Paper",match_workbook,(per match_workbook)
KG-1011,materials,,Watercolor on Whatman paper,match_workbook,(filled from match_workbook)
KG-1012,classification,Khanjar,Design/Decorative Art,match_workbook,(per match_workbook)
KG-1012,medium,Jade-hilted and jeweled,Jade-hilted dagger with steel blade,auto_resolution,Khanjars are jade-hilted daggers with steel blades.
KG-1012,materials,,Jade-hilted and jeweled Khanjar,match_workbook,(filled from match_workbook)
KG-1013,classification,Painting,"Drawing, Collage or other Work on Paper",match_workbook,(per match_workbook)
KG-1013,materials,,Opaque watercolor heightened with gold on paper,match_workbook,(filled from match_workbook)
KG-1014,materials,,Bronze with polychrome,match_workbook,(filled from match_workbook)
KG-1015,classification,Painting,"Drawing, Collage or other Work on Paper",match_workbook,(per match_workbook)
KG-1015,materials,,Opaque watercolor heightened with gold on paper,match_workbook,(filled from match_workbook)
KG-1016,materials,,Schist,match_workbook,(filled from match_workbook)
KG-1019,medium,,Jade-hilted dagger with steel blade,auto_resolution,Khanjars are jade-hilted daggers with steel blades.
KG-1020,classification,,Design/Decorative Art,auto_resolution,Khanjars (jeweled daggers) are decorative arts on Artsy.
KG-1020,medium,,Jade-hilted dagger with steel blade,auto_resolution,Khanjars are jade-hilted daggers with steel blades.
KG-1021,classification,Painting,"Drawing, Collage or other Work on Paper",auto_resolution,Works on paper map to Artsy's Drawing/Collage category.
KG-1022,classification,,"Drawing, Collage or other Work on Paper",auto_resolution,Works on paper map to Artsy's Drawing/Collage category.
KG-1023,classification,Painting,"Drawing, Collage or other Work on Paper",auto_resolution,Works on paper map to Artsy's Drawing/Collage category.
KG-1024,classification,,Painting,auto_resolution,Works on cotton are categorized as Painting.
KG-1025,classification,Painting,"Drawing, Collage or other Work on Paper",auto_resolution,Works on paper map to Artsy's Drawing/Collage category.
KG-1026,classification,Painting,"Drawing, Collage or other Work on Paper",auto_resolution,Works on paper map to Artsy's Drawing/Collage category.
KG-1027,classification,Painting,"Drawing, Collage or other Work on Paper",auto_resolution,Works on paper map to Artsy's Drawing/Collage category.
KG-1028,classification,Painting,"Drawing, Collage or other Work on Paper",auto_resolution,Works on paper map to Artsy's Drawing/Collage category.
KG-1029,classification,Painting,"Drawing, Collage or other Work on Paper",auto_resolution,Works on paper map to Artsy's Drawing/Collage category.
KG-1030,classification,Painting,"Drawing, Collage or other Work on Paper",auto_resolution,Works on paper map to Artsy's Drawing/Collage category.
KG-1031,classification,,Design/Decorative Art,auto_resolution,Saddles are decorative arts on Artsy.
KG-1032,classification,,Sculpture,auto_resolution,Stone matrix materials are categorized as Sculpture on Artsy.
KG-1038,classification,Painting,"Drawing, Collage or other Work on Paper",auto_resolution,Works on paper map to Artsy's Drawing/Collage category.
KG-1060,classification,Painting,"Drawing, Collage or other Work on Paper",auto_resolution,Works on paper map to Artsy's Drawing/Collage category.
KG-1063,classification,Painting,"Drawing, Collage or other Work on Paper",auto_resolution,Works on paper map to Artsy's Drawing/Collage category.
KG-1064,classification,Painting,"Drawing, Collage or other Work on Paper",auto_resolution,Works on paper map to Artsy's Drawing/Collage category.
KG-1065,classification,Painting,"Drawing, Collage or other Work on Paper",auto_resolution,Works on paper map to Artsy's Drawing/Collage category.
KG-1067,classification,Painting,"Drawing, Collage or other Work on Paper",auto_resolution,Works on paper map to Artsy's Drawing/Collage category.
KG-1068,classification,Painting,"Drawing, Collage or other Work on Paper",auto_resolution,Works on paper map to Artsy's Drawing/Collage category.
KG-1069,medium,,Watered-steel blade with carved hilt,auto_resolution,Shamshirs are curved watered-steel sabres.
KG-1070,classification,Painting,"Drawing, Collage or other Work on Paper",auto_resolution,Works on paper map to Artsy's Drawing/Collage category.
KG-1076,classification,Painting,"Drawing, Collage or other Work on Paper",auto_resolution,Works on paper map to Artsy's Drawing/Collage category.
KG-1077,classification,Painting,"Drawing, Collage or other Work on Paper",auto_resolution,Works on paper map to Artsy's Drawing/Collage category.
KG-1078,classification,Painting,"Drawing, Collage or other Work on Paper",auto_resolution,Works on paper map to Artsy's Drawing/Collage category.
KG-1082,classification,Painting,"Drawing, Collage or other Work on Paper",auto_resolution,Works on paper map to Artsy's Drawing/Collage category.
KG-1083,classification,Painting,"Drawing, Collage or other Work on Paper",auto_resolution,Works on paper map to Artsy's Drawing/Collage category.
KG-1088,classification,,Sculpture,auto_resolution,Schist works are sculptures.
KG-1094,classification,Painting,"Drawing, Collage or other Work on Paper",auto_resolution,Works on paper map to Artsy's Drawing/Collage category.
KG-1094,medium,,Opaque watercolor on paper,auto_resolution,Default for paintings without medium: most-common gallery medium.
KG-1095,classification,Painting,"Drawing, Collage or other Work on Paper",auto_resolution,Works on paper map to Artsy's Drawing/Collage category.
KG-1095,medium,,Opaque watercolor on paper,auto_resolution,Default for paintings without medium: most-common gallery medium.
KG-1096,classification,Painting,"Drawing, Collage or other Work on Paper",auto_resolution,Works on paper map to Artsy's Drawing/Collage category.
KG-1096,medium,,Opaque watercolor on paper,auto_resolution,Default for paintings without medium: most-common gallery medium.
KG-1097,classification,Painting,"Drawing, Collage or other Work on Paper",auto_resolution,Works on paper map to Artsy's Drawing/Collage category.
KG-1097,medium,,Opaque watercolor on paper,auto_resolution,Default for paintings without medium: most-common gallery medium.
KG-1098,classification,Painting,"Drawing, Collage or other Work on Paper",auto_resolution,Works on paper map to Artsy's Drawing/Collage category.
KG-1098,medium,,Opaque watercolor on paper,auto_resolution,Default for paintings without medium: most-common gallery medium.
KG-1099,classification,Painting,"Drawing, Collage or other Work on Paper",auto_resolution,Works on paper map to Artsy's Drawing/Collage category.
KG-1099,medium,,Opaque watercolor on paper,auto_resolution,Default for paintings without medium: most-common gallery medium.
KG-1100,classification,Painting,"Drawing, Collage or other Work on Paper",auto_resolution,Works on paper map to Artsy's Drawing/Collage category.
KG-1101,classification,Painting,"Drawing, Collage or other Work on Paper",auto_resolution,Works on paper map to Artsy's Drawing/Collage category.
KG-1102,classification,Painting,"Drawing, Collage or other Work on Paper",auto_resolution,Works on paper map to Artsy's Drawing/Collage category.
KG-1103,classification,,"Drawing, Collage or other Work on Paper",auto_resolution,Works on paper map to Artsy's Drawing/Collage category.
KG-1104,classification,,"Drawing, Collage or other Work on Paper",auto_resolution,Works on paper map to Artsy's Drawing/Collage category.
KG-1105,classification,Painting,"Drawing, Collage or other Work on Paper",auto_resolution,Works on paper map to Artsy's Drawing/Collage category.
KG-1106,classification,Painting,"Drawing, Collage or other Work on Paper",auto_resolution,Works on paper map to Artsy's Drawing/Collage category.
KG-1107,classification,Painting,"Drawing, Collage or other Work on Paper",auto_resolution,Works on paper map to Artsy's Drawing/Collage category.
KG-1108,classification,Painting,"Drawing, Collage or other Work on Paper",auto_resolution,Works on paper map to Artsy's Drawing/Collage category.
KG-1109,classification,,"Drawing, Collage or other Work on Paper",auto_resolution,Works on paper map to Artsy's Drawing/Collage category.
KG-1110,classification,Painting,"Drawing, Collage or other Work on Paper",auto_resolution,Works on paper map to Artsy's Drawing/Collage category.
KG-1111,classification,Painting,"Drawing, Collage or other Work on Paper",auto_resolution,Works on paper map to Artsy's Drawing/Collage category.
KG-1111,medium,,Opaque watercolor on paper,auto_resolution,Default for paintings without medium: most-common gallery medium.
KG-1112,classification,Painting,"Drawing, Collage or other Work on Paper",auto_resolution,Works on paper map to Artsy's Drawing/Collage category.
KG-1112,medium,,Opaque watercolor on paper,auto_resolution,Default for paintings without medium: most-common gallery medium.
KG-1114,classification,,Sculpture,auto_resolution,Stone matrix materials are categorized as Sculpture on Artsy.
KG-1116,classification,Painting,"Drawing, Collage or other Work on Paper",auto_resolution,Works on paper map to Artsy's Drawing/Collage category.
KG-1117,classification,Painting,"Drawing, Collage or other Work on Paper",auto_resolution,Works on paper map to Artsy's Drawing/Collage category.
KG-1118,classification,Painting,"Drawing, Collage or other Work on Paper",auto_resolution,Works on paper map to Artsy's Drawing/Collage category.
KG-1119,classification,Painting,"Drawing, Collage or other Work on Paper",auto_resolution,Works on paper map to Artsy's Drawing/Collage category.
KG-1120,classification,Painting,"Drawing, Collage or other Work on Paper",auto_resolution,Works on paper map to Artsy's Drawing/Collage category.
KG-1121,classification,Painting,"Drawing, Collage or other Work on Paper",auto_resolution,Works on paper map to Artsy's Drawing/Collage category.
KG-1122,classification,Painting,"Drawing, Collage or other Work on Paper",auto_resolution,Works on paper map to Artsy's Drawing/Collage category.
KG-1123,classification,Painting,"Drawing, Collage or other Work on Paper",auto_resolution,Works on paper map to Artsy's Drawing/Collage category.
KG-1124,classification,Painting,"Drawing, Collage or other Work on Paper",auto_resolution,Works on paper map to Artsy's Drawing/Collage category.
KG-1125,classification,Painting,"Drawing, Collage or other Work on Paper",auto_resolution,Works on paper map to Artsy's Drawing/Collage category.
KG-1126,classification,Painting,"Drawing, Collage or other Work on Paper",auto_resolution,Works on paper map to Artsy's Drawing/Collage category.
KG-1127,classification,Painting,"Drawing, Collage or other Work on Paper",auto_resolution,Works on paper map to Artsy's Drawing/Collage category.
KG-1129,classification,Painting,"Drawing, Collage or other Work on Paper",auto_resolution,Works on paper map to Artsy's Drawing/Collage category.
KG-1130,classification,Painting,"Drawing, Collage or other Work on Paper",auto_resolution,Works on paper map to Artsy's Drawing/Collage category.
KG-1131,classification,Painting,"Drawing, Collage or other Work on Paper",auto_resolution,Works on paper map to Artsy's Drawing/Collage category.
KG-1132,classification,Painting,"Drawing, Collage or other Work on Paper",auto_resolution,Works on paper map to Artsy's Drawing/Collage category.
KG-1133,classification,Painting,"Drawing, Collage or other Work on Paper",auto_resolution,Works on paper map to Artsy's Drawing/Collage category.
KG-1134,classification,Painting,"Drawing, Collage or other Work on Paper",auto_resolution,Works on paper map to Artsy's Drawing/Collage category.
KG-1135,classification,Painting,"Drawing, Collage or other Work on Paper",auto_resolution,Works on paper map to Artsy's Drawing/Collage category.
KG-1136,classification,Print,"Drawing, Collage or other Work on Paper",auto_resolution,Works on paper map to Artsy's Drawing/Collage category.
KG-1137,classification,Painting,"Drawing, Collage or other Work on Paper",auto_resolution,Works on paper map to Artsy's Drawing/Collage category.
KG-1138,classification,Painting,"Drawing, Collage or other Work on Paper",auto_resolution,Works on paper map to Artsy's Drawing/Collage category.
KG-1139,classification,Painting,"Drawing, Collage or other Work on Paper",auto_resolution,Works on paper map to Artsy's Drawing/Collage category.
KG-1140,classification,Painting,"Drawing, Collage or other Work on Paper",auto_resolution,Works on paper map to Artsy's Drawing/Collage category.
KG-1141,classification,,"Drawing, Collage or other Work on Paper",auto_resolution,Works on paper map to Artsy's Drawing/Collage category.
KG-1142,classification,Painting,"Drawing, Collage or other Work on Paper",auto_resolution,Works on paper map to Artsy's Drawing/Collage category.
KG-1143,classification,Painting,"Drawing, Collage or other Work on Paper",auto_resolution,Works on paper map to Artsy's Drawing/Collage category.
KG-1144,classification,Painting,"Drawing, Collage or other Work on Paper",auto_resolution,Works on paper map to Artsy's Drawing/Collage category.
KG-1145,classification,Painting,"Drawing, Collage or other Work on Paper",auto_resolution,Works on paper map to Artsy's Drawing/Collage category.
KG-1146,classification,Painting,"Drawing, Collage or other Work on Paper",auto_resolution,Works on paper map to Artsy's Drawing/Collage category.
KG-1147,classification,Painting,"Drawing, Collage or other Work on Paper",auto_resolution,Works on paper map to Artsy's Drawing/Collage category.
KG-1148,classification,Painting,"Drawing, Collage or other Work on Paper",auto_resolution,Works on paper map to Artsy's Drawing/Collage category.
KG-1149,classification,Painting,"Drawing, Collage or other Work on Paper",auto_resolution,Works on paper map to Artsy's Drawing/Collage category.
KG-1150,classification,Painting,"Drawing, Collage or other Work on Paper",auto_resolution,Works on paper map to Artsy's Drawing/Collage category.
KG-1151,classification,Painting,"Drawing, Collage or other Work on Paper",auto_resolution,Works on paper map to Artsy's Drawing/Collage category.
KG-1152,classification,Painting,"Drawing, Collage or other Work on Paper",auto_resolution,Works on paper map to Artsy's Drawing/Collage category.
KG-1153,classification,Painting,"Drawing, Collage or other Work on Paper",auto_resolution,Works on paper map to Artsy's Drawing/Collage category.
KG-1154,classification,Painting,"Drawing, Collage or other Work on Paper",auto_resolution,Works on paper map to Artsy's Drawing/Collage category.
KG-1155,classification,Painting,"Drawing, Collage or other Work on Paper",auto_resolution,Works on paper map to Artsy's Drawing/Collage category.
KG-1156,classification,Painting,"Drawing, Collage or other Work on Paper",auto_resolution,Works on paper map to Artsy's Drawing/Collage category.
KG-1157,classification,Painting,"Drawing, Collage or other Work on Paper",auto_resolution,Works on paper map to Artsy's Drawing/Collage category.
KG-1158,classification,Painting,"Drawing, Collage or other Work on Paper",auto_resolution,Works on paper map to Artsy's Drawing/Collage category.
KG-1159,classification,,"Drawing, Collage or other Work on Paper",auto_resolution,Works on paper map to Artsy's Drawing/Collage category.
KG-1160,classification,Painting,"Drawing, Collage or other Work on Paper",auto_resolution,Works on paper map to Artsy's Drawing/Collage category.
KG-1161,classification,Painting,"Drawing, Collage or other Work on Paper",auto_resolution,Works on paper map to Artsy's Drawing/Collage category.
KG-1162,classification,Painting,"Drawing, Collage or other Work on Paper",auto_resolution,Works on paper map to Artsy's Drawing/Collage category.
KG-1163,classification,Painting,"Drawing, Collage or other Work on Paper",auto_resolution,Works on paper map to Artsy's Drawing/Collage category.
KG-1164,classification,Painting,"Drawing, Collage or other Work on Paper",auto_resolution,Works on paper map to Artsy's Drawing/Collage category.
KG-1165,classification,Painting,"Drawing, Collage or other Work on Paper",auto_resolution,Works on paper map to Artsy's Drawing/Collage category.
KG-1166,classification,Painting,"Drawing, Collage or other Work on Paper",auto_resolution,Works on paper map to Artsy's Drawing/Collage category.
KG-1167,classification,Painting,"Drawing, Collage or other Work on Paper",auto_resolution,Works on paper map to Artsy's Drawing/Collage category.
KG-1168,classification,Painting,"Drawing, Collage or other Work on Paper",auto_resolution,Works on paper map to Artsy's Drawing/Collage category.
KG-1169,classification,Painting,"Drawing, Collage or other Work on Paper",auto_resolution,Works on paper map to Artsy's Drawing/Collage category.
KG-1170,classification,Painting,"Drawing, Collage or other Work on Paper",auto_resolution,Works on paper map to Artsy's Drawing/Collage category.
KG-1171,classification,Painting,"Drawing, Collage or other Work on Paper",auto_resolution,Works on paper map to Artsy's Drawing/Collage category.
KG-1172,classification,Painting,"Drawing, Collage or other Work on Paper",auto_resolution,Works on paper map to Artsy's Drawing/Collage category.
KG-1172,medium,,Opaque watercolor on paper,auto_resolution,Default for paintings without medium: most-common gallery medium.
KG-1173,classification,Painting,"Drawing, Collage or other Work on Paper",auto_resolution,Works on paper map to Artsy's Drawing/Collage category.
KG-1174,classification,Painting,"Drawing, Collage or other Work on Paper",auto_resolution,Works on paper map to Artsy's Drawing/Collage category.
KG-1175,classification,Painting,"Drawing, Collage or other Work on Paper",auto_resolution,Works on paper map to Artsy's Drawing/Collage category.
KG-1176,classification,Painting,"Drawing, Collage or other Work on Paper",auto_resolution,Works on paper map to Artsy's Drawing/Collage category.
KG-1177,classification,Painting,"Drawing, Collage or other Work on Paper",auto_resolution,Works on paper map to Artsy's Drawing/Collage category.
KG-1178,classification,Painting,"Drawing, Collage or other Work on Paper",auto_resolution,Works on paper map to Artsy's Drawing/Collage category.
KG-1178,medium,,Opaque watercolor on paper,auto_resolution,Default for paintings without medium: most-common gallery medium.
KG-1179,classification,Painting,"Drawing, Collage or other Work on Paper",auto_resolution,Works on paper map to Artsy's Drawing/Collage category.
KG-1180,classification,Painting,"Drawing, Collage or other Work on Paper",auto_resolution,Works on paper map to Artsy's Drawing/Collage category.
KG-1181,classification,Painting,"Drawing, Collage or other Work on Paper",auto_resolution,Works on paper map to Artsy's Drawing/Collage category.
KG-1182,classification,Painting,"Drawing, Collage or other Work on Paper",auto_resolution,Works on paper map to Artsy's Drawing/Collage category.
KG-1183,classification,Painting,"Drawing, Collage or other Work on Paper",auto_resolution,Works on paper map to Artsy's Drawing/Collage category.
KG-1184,classification,Painting,"Drawing, Collage or other Work on Paper",auto_resolution,Works on paper map to Artsy's Drawing/Collage category.
KG-1185,classification,Painting,"Drawing, Collage or other Work on Paper",auto_resolution,Works on paper map to Artsy's Drawing/Collage category.
KG-1186,classification,Painting,"Drawing, Collage or other Work on Paper",auto_resolution,Works on paper map to Artsy's Drawing/Collage category.
KG-1187,classification,Painting,"Drawing, Collage or other Work on Paper",auto_resolution,Works on paper map to Artsy's Drawing/Collage category.
KG-1188,classification,Painting,"Drawing, Collage or other Work on Paper",auto_resolution,Works on paper map to Artsy's Drawing/Collage category.
KG-1189,classification,Painting,"Drawing, Collage or other Work on Paper",auto_resolution,Works on paper map to Artsy's Drawing/Collage category.
KG-1190,classification,Painting,"Drawing, Collage or other Work on Paper",auto_resolution,Works on paper map to Artsy's Drawing/Collage category.
KG-1191,classification,Painting,"Drawing, Collage or other Work on Paper",auto_resolution,Works on paper map to Artsy's Drawing/Collage category.
KG-1192,classification,,"Drawing, Collage or other Work on Paper",auto_resolution,Works on paper map to Artsy's Drawing/Collage category.
KG-1193,classification,Painting,"Drawing, Collage or other Work on Paper",auto_resolution,Works on paper map to Artsy's Drawing/Collage category.
KG-1194,classification,Painting,"Drawing, Collage or other Work on Paper",auto_resolution,Works on paper map to Artsy's Drawing/Collage category.
KG-1195,classification,Painting,"Drawing, Collage or other Work on Paper",auto_resolution,Works on paper map to Artsy's Drawing/Collage category.
KG-1196,classification,Painting,"Drawing, Collage or other Work on Paper",auto_resolution,Works on paper map to Artsy's Drawing/Collage category.
KG-1197,classification,Painting,"Drawing, Collage or other Work on Paper",auto_resolution,Works on paper map to Artsy's Drawing/Collage category.
KG-1198,classification,Painting,"Drawing, Collage or other Work on Paper",auto_resolution,Works on paper map to Artsy's Drawing/Collage category.
KG-1199,classification,Painting,"Drawing, Collage or other Work on Paper",auto_resolution,Works on paper map to Artsy's Drawing/Collage category.
KG-1200,classification,Painting,"Drawing, Collage or other Work on Paper",auto_resolution,Works on paper map to Artsy's Drawing/Collage category.
KG-1201,classification,Painting,"Drawing, Collage or other Work on Paper",auto_resolution,Works on paper map to Artsy's Drawing/Collage category.
KG-1202,classification,,"Drawing, Collage or other Work on Paper",auto_resolution,Works on paper map to Artsy's Drawing/Collage category.
KG-1203,classification,Painting,"Drawing, Collage or other Work on Paper",auto_resolution,Works on paper map to Artsy's Drawing/Collage category.
KG-1204,classification,Painting,"Drawing, Collage or other Work on Paper",auto_resolution,Works on paper map to Artsy's Drawing/Collage category.
KG-1205,classification,Painting,"Drawing, Collage or other Work on Paper",auto_resolution,Works on paper map to Artsy's Drawing/Collage category.
KG-1206,classification,Painting,"Drawing, Collage or other Work on Paper",auto_resolution,Works on paper map to Artsy's Drawing/Collage category.
KG-1207,classification,Painting,"Drawing, Collage or other Work on Paper",auto_resolution,Works on paper map to Artsy's Drawing/Collage category.
KG-1208,classification,Painting,"Drawing, Collage or other Work on Paper",auto_resolution,Works on paper map to Artsy's Drawing/Collage category.
KG-1209,classification,Painting,"Drawing, Collage or other Work on Paper",auto_resolution,Works on paper map to Artsy's Drawing/Collage category.
KG-1210,classification,Painting,"Drawing, Collage or other Work on Paper",auto_resolution,Works on paper map to Artsy's Drawing/Collage category.
KG-1211,classification,Painting,"Drawing, Collage or other Work on Paper",auto_resolution,Works on paper map to Artsy's Drawing/Collage category.
KG-1212,classification,Painting,"Drawing, Collage or other Work on Paper",auto_resolution,Works on paper map to Artsy's Drawing/Collage category.
KG-1213,classification,,"Drawing, Collage or other Work on Paper",auto_resolution,Works on paper map to Artsy's Drawing/Collage category.
KG-1214,classification,,"Drawing, Collage or other Work on Paper",auto_resolution,Works on paper map to Artsy's Drawing/Collage category.
KG-1215,classification,Painting,"Drawing, Collage or other Work on Paper",auto_resolution,Works on paper map to Artsy's Drawing/Collage category.
KG-1217,classification,Painting,"Drawing, Collage or other Work on Paper",auto_resolution,Works on paper map to Artsy's Drawing/Collage category.
KG-1218,classification,Painting,"Drawing, Collage or other Work on Paper",auto_resolution,Works on paper map to Artsy's Drawing/Collage category.
KG-1220,classification,Painting,"Drawing, Collage or other Work on Paper",auto_resolution,Works on paper map to Artsy's Drawing/Collage category.
KG-1220,medium,,Opaque watercolor on paper,auto_resolution,Default for paintings without medium: most-common gallery medium.
KG-1221,classification,Painting,"Drawing, Collage or other Work on Paper",auto_resolution,Works on paper map to Artsy's Drawing/Collage category.
KG-1222,classification,,"Drawing, Collage or other Work on Paper",auto_resolution,Works on paper map to Artsy's Drawing/Collage category.
KG-1223,classification,Painting,"Drawing, Collage or other Work on Paper",auto_resolution,Works on paper map to Artsy's Drawing/Collage category.
KG-1223,medium,,Opaque watercolor on paper,auto_resolution,Default for paintings without medium: most-common gallery medium.
KG-1224,classification,Painting,"Drawing, Collage or other Work on Paper",auto_resolution,Works on paper map to Artsy's Drawing/Collage category.
KG-1224,medium,,Opaque watercolor on paper,auto_resolution,Default for paintings without medium: most-common gallery medium.
KG-1225,classification,Painting,"Drawing, Collage or other Work on Paper",auto_resolution,Works on paper map to Artsy's Drawing/Collage category.
KG-1226,classification,Painting,"Drawing, Collage or other Work on Paper",auto_resolution,Works on paper map to Artsy's Drawing/Collage category.
KG-1227,classification,,"Drawing, Collage or other Work on Paper",auto_resolution,Works on paper map to Artsy's Drawing/Collage category.
KG-1229,classification,Painting,"Drawing, Collage or other Work on Paper",auto_resolution,Works on paper map to Artsy's Drawing/Collage category.
KG-1230,classification,Painting,"Drawing, Collage or other Work on Paper",auto_resolution,Works on paper map to Artsy's Drawing/Collage category.
KG-1231,classification,Painting,"Drawing, Collage or other Work on Paper",auto_resolution,Works on paper map to Artsy's Drawing/Collage category.
KG-1233,classification,Painting,"Drawing, Collage or other Work on Paper",auto_resolution,Works on paper map to Artsy's Drawing/Collage category.
KG-1234,classification,Painting,"Drawing, Collage or other Work on Paper",auto_resolution,Works on paper map to Artsy's Drawing/Collage category.
KG-1235,classification,Painting,"Drawing, Collage or other Work on Paper",auto_resolution,Works on paper map to Artsy's Drawing/Collage category.
KG-1236,classification,Painting,"Drawing, Collage or other Work on Paper",auto_resolution,Works on paper map to Artsy's Drawing/Collage category.
KG-1237,classification,Painting,"Drawing, Collage or other Work on Paper",auto_resolution,Works on paper map to Artsy's Drawing/Collage category.
KG-1238,classification,Painting,"Drawing, Collage or other Work on Paper",auto_resolution,Works on paper map to Artsy's Drawing/Collage category.
KG-1243,classification,Painting,"Drawing, Collage or other Work on Paper",auto_resolution,Works on paper map to Artsy's Drawing/Collage category.
KG-1244,classification,,"Drawing, Collage or other Work on Paper",auto_resolution,Works on paper map to Artsy's Drawing/Collage category.
KG-1245,classification,Painting,"Drawing, Collage or other Work on Paper",auto_resolution,Works on paper map to Artsy's Drawing/Collage category.
KG-1246,classification,Painting,"Drawing, Collage or other Work on Paper",auto_resolution,Works on paper map to Artsy's Drawing/Collage category.
KG-1247,classification,Painting,"Drawing, Collage or other Work on Paper",auto_resolution,Works on paper map to Artsy's Drawing/Collage category.
KG-1248,classification,Painting,"Drawing, Collage or other Work on Paper",auto_resolution,Works on paper map to Artsy's Drawing/Collage category.
KG-1249,classification,Painting,"Drawing, Collage or other Work on Paper",auto_resolution,Works on paper map to Artsy's Drawing/Collage category.
KG-1250,classification,Painting,"Drawing, Collage or other Work on Paper",auto_resolution,Works on paper map to Artsy's Drawing/Collage category.
KG-1252,classification,Painting,"Drawing, Collage or other Work on Paper",auto_resolution,Works on paper map to Artsy's Drawing/Collage category.
KG-1254,classification,Painting,"Drawing, Collage or other Work on Paper",auto_resolution,Works on paper map to Artsy's Drawing/Collage category.
KG-1255,classification,Painting,"Drawing, Collage or other Work on Paper",auto_resolution,Works on paper map to Artsy's Drawing/Collage category.
KG-1256,classification,Painting,"Drawing, Collage or other Work on Paper",auto_resolution,Works on paper map to Artsy's Drawing/Collage category.
KG-1257,classification,,"Drawing, Collage or other Work on Paper",auto_resolution,Works on paper map to Artsy's Drawing/Collage category.
KG-1258,classification,Painting,"Drawing, Collage or other Work on Paper",auto_resolution,Works on paper map to Artsy's Drawing/Collage category.
KG-1259,classification,Painting,"Drawing, Collage or other Work on Paper",auto_resolution,Works on paper map to Artsy's Drawing/Collage category.
KG-1260,classification,Painting,"Drawing, Collage or other Work on Paper",auto_resolution,Works on paper map to Artsy's Drawing/Collage category.
KG-1261,medium,,Opaque watercolor on paper,auto_resolution,Default for paper works without medium.
KG-1262,medium,,Opaque watercolor on paper,auto_resolution,Default for paper works without medium.
KG-1263,medium,,Opaque watercolor on paper,auto_resolution,Default for paper works without medium.
KG-1264,classification,,"Drawing, Collage or other Work on Paper",auto_resolution,Works on paper map to Artsy's Drawing/Collage category.
KG-1265,classification,,"Drawing, Collage or other Work on Paper",auto_resolution,Works on paper map to Artsy's Drawing/Collage category.
KG-1266,classification,Painting,"Drawing, Collage or other Work on Paper",auto_resolution,Works on paper map to Artsy's Drawing/Collage category.
KG-1267,classification,Painting,"Drawing, Collage or other Work on Paper",auto_resolution,Works on paper map to Artsy's Drawing/Collage category.
KG-1269,classification,Painting,"Drawing, Collage or other Work on Paper",auto_resolution,Works on paper map to Artsy's Drawing/Collage category.
KG-1270,classification,Painting,"Drawing, Collage or other Work on Paper",auto_resolution,Works on paper map to Artsy's Drawing/Collage category.
KG-1271,classification,Painting,"Drawing, Collage or other Work on Paper",auto_resolution,Works on paper map to Artsy's Drawing/Collage category.
KG-1272,classification,Painting,"Drawing, Collage or other Work on Paper",auto_resolution,Works on paper map to Artsy's Drawing/Collage category.
KG-1273,classification,Painting,"Drawing, Collage or other Work on Paper",auto_resolution,Works on paper map to Artsy's Drawing/Collage category.
KG-1274,classification,Painting,"Drawing, Collage or other Work on Paper",auto_resolution,Works on paper map to Artsy's Drawing/Collage category.
KG-1275,classification,Painting,"Drawing, Collage or other Work on Paper",auto_resolution,Works on paper map to Artsy's Drawing/Collage category.
KG-1277,classification,Painting,"Drawing, Collage or other Work on Paper",auto_resolution,Works on paper map to Artsy's Drawing/Collage category.
KG-1278,classification,Painting,"Drawing, Collage or other Work on Paper",auto_resolution,Works on paper map to Artsy's Drawing/Collage category.
KG-1279,classification,Painting,"Drawing, Collage or other Work on Paper",auto_resolution,Works on paper map to Artsy's Drawing/Collage category.
KG-1283,classification,,"Drawing, Collage or other Work on Paper",auto_resolution,Works on paper map to Artsy's Drawing/Collage category.
KG-1284,classification,Painting,"Drawing, Collage or other Work on Paper",auto_resolution,Works on paper map to Artsy's Drawing/Collage category.
KG-1285,classification,,"Drawing, Collage or other Work on Paper",auto_resolution,Works on paper map to Artsy's Drawing/Collage category.
KG-1286,classification,Painting,"Drawing, Collage or other Work on Paper",auto_resolution,Works on paper map to Artsy's Drawing/Collage category.
KG-1287,classification,Painting,"Drawing, Collage or other Work on Paper",auto_resolution,Works on paper map to Artsy's Drawing/Collage category.
KG-1288,classification,Painting,"Drawing, Collage or other Work on Paper",auto_resolution,Works on paper map to Artsy's Drawing/Collage category.
KG-1289,medium,,Watered steel; gold-koftgari hilt,auto_resolution,Talwars are typically gold-koftgari watered-steel sabres.
KG-1290,medium,,Steel with gold koftgari decoration,auto_resolution,Koftgari talwars are steel with gold-koftgari work.
KG-1291,classification,,Sculpture,auto_resolution,Schist works are sculptures.
KG-1292,classification,Painting,"Drawing, Collage or other Work on Paper",auto_resolution,Works on paper map to Artsy's Drawing/Collage category.
KG-1293,classification,Painting,"Drawing, Collage or other Work on Paper",auto_resolution,Works on paper map to Artsy's Drawing/Collage category.
KG-1294,classification,,"Drawing, Collage or other Work on Paper",auto_resolution,Works on paper map to Artsy's Drawing/Collage category.
KG-1295,classification,,"Drawing, Collage or other Work on Paper",auto_resolution,Works on paper map to Artsy's Drawing/Collage category.
KG-1296,classification,Painting,"Drawing, Collage or other Work on Paper",auto_resolution,Works on paper map to Artsy's Drawing/Collage category.
KG-1298,classification,Painting,"Drawing, Collage or other Work on Paper",auto_resolution,Works on paper map to Artsy's Drawing/Collage category.
KG-1299,classification,Painting,"Drawing, Collage or other Work on Paper",auto_resolution,Works on paper map to Artsy's Drawing/Collage category.
KG-1300,classification,Painting,"Drawing, Collage or other Work on Paper",auto_resolution,Works on paper map to Artsy's Drawing/Collage category.
KG-1301,classification,Painting,"Drawing, Collage or other Work on Paper",auto_resolution,Works on paper map to Artsy's Drawing/Collage category.
KG-1302,classification,,"Drawing, Collage or other Work on Paper",auto_resolution,Works on paper map to Artsy's Drawing/Collage category.
KG-1303,classification,Painting,"Drawing, Collage or other Work on Paper",auto_resolution,Works on paper map to Artsy's Drawing/Collage category.
KG-1304,classification,Painting,"Drawing, Collage or other Work on Paper",auto_resolution,Works on paper map to Artsy's Drawing/Collage category.
KG-1305,classification,,"Drawing, Collage or other Work on Paper",auto_resolution,Works on paper map to Artsy's Drawing/Collage category.
KG-1306,classification,,"Drawing, Collage or other Work on Paper",auto_resolution,Works on paper map to Artsy's Drawing/Collage category.
KG-1307,classification,Painting,"Drawing, Collage or other Work on Paper",auto_resolution,Works on paper map to Artsy's Drawing/Collage category.
KG-1308,classification,Painting,"Drawing, Collage or other Work on Paper",auto_resolution,Works on paper map to Artsy's Drawing/Collage category.
KG-1309,classification,Painting,"Drawing, Collage or other Work on Paper",auto_resolution,Works on paper map to Artsy's Drawing/Collage category.
KG-1310,classification,Painting,"Drawing, Collage or other Work on Paper",auto_resolution,Works on paper map to Artsy's Drawing/Collage category.
KG-1311,classification,,"Drawing, Collage or other Work on Paper",auto_resolution,Works on paper map to Artsy's Drawing/Collage category.
KG-1312,classification,Painting,"Drawing, Collage or other Work on Paper",auto_resolution,Works on paper map to Artsy's Drawing/Collage category.
KG-1314,classification,Painting,"Drawing, Collage or other Work on Paper",auto_resolution,Works on paper map to Artsy's Drawing/Collage category.
KG-1315,classification,Painting,"Drawing, Collage or other Work on Paper",auto_resolution,Works on paper map to Artsy's Drawing/Collage category.
KG-1319,classification,Posters,"Drawing, Collage or other Work on Paper",auto_resolution,Visit-India travel posters are lithographic prints on paper.
KG-1319,medium,Linen backed poster,Lithographic print on paper,auto_resolution,Visit-India travel posters are lithographic prints on paper.
KG-1329,classification,Posters,"Drawing, Collage or other Work on Paper",auto_resolution,Visit-India travel posters are lithographic prints on paper.
KG-1329,medium,Linen backed poster,Lithographic print on paper,auto_resolution,Visit-India travel posters are lithographic prints on paper.
KG-1337,classification,,"Drawing, Collage or other Work on Paper",auto_resolution,Visit-India travel posters are lithographic prints on paper.
KG-1337,medium,Linen backed poster,Lithographic print on paper,auto_resolution,Visit-India travel posters are lithographic prints on paper.
KG-1338,classification,,"Drawing, Collage or other Work on Paper",auto_resolution,Visit-India travel posters are lithographic prints on paper.
KG-1338,medium,Linen-backed poster,Lithographic print on paper,auto_resolution,Visit-India travel posters are lithographic prints on paper.
KG-1342,classification,Posters,"Drawing, Collage or other Work on Paper",auto_resolution,Sabena India travel poster.
KG-1351,classification,Posters,"Drawing, Collage or other Work on Paper",auto_resolution,Works on paper map to Artsy's Drawing/Collage category.
KG-1351,medium,,Lithographic print on paper,auto_resolution,Visit-India travel posters are lithographic prints on paper.
KG-1352,classification,,"Drawing, Collage or other Work on Paper",auto_resolution,Visit-India travel posters are lithographic prints on paper.
KG-1352,medium,Poster,Lithographic print on paper,auto_resolution,Visit-India travel posters are lithographic prints on paper.
KG-1353,classification,,"Drawing, Collage or other Work on Paper",auto_resolution,Visit-India travel posters are lithographic prints on paper.
KG-1353,medium,,Lithographic print on paper,auto_resolution,Visit-India travel posters are lithographic prints on paper.
KG-1354,classification,,"Drawing, Collage or other Work on Paper",auto_resolution,Visit-India travel posters are lithographic prints on paper.
KG-1354,medium,,Lithographic print on paper,auto_resolution,Visit-India travel posters are lithographic prints on paper.
KG-1355,classification,Posters,"Drawing, Collage or other Work on Paper",auto_resolution,Works on paper map to Artsy's Drawing/Collage category.
KG-1355,medium,,Lithographic print on paper,auto_resolution,Visit-India travel posters are lithographic prints on paper.
KG-1363,classification,,"Drawing, Collage or other Work on Paper",auto_resolution,Air India advertising posters are works on paper.
KG-1363,medium,,Opaque watercolor on paper,auto_resolution,Default for paper works without medium.
KG-1367,classification,,"Drawing, Collage or other Work on Paper",auto_resolution,Air India advertising posters are works on paper.
KG-1367,medium,,Opaque watercolor on paper,auto_resolution,Default for paper works without medium.
KG-1377,classification,,"Drawing, Collage or other Work on Paper",auto_resolution,Visit-India travel posters are lithographic prints on paper.
KG-1377,medium,Linen-backed poster,Lithographic print on paper,auto_resolution,Visit-India travel posters are lithographic prints on paper.
KG-1378,classification,,"Drawing, Collage or other Work on Paper",auto_resolution,Visit-India travel posters are lithographic prints on paper.
KG-1378,medium,Linen-backed poster,Lithographic print on paper,auto_resolution,Visit-India travel posters are lithographic prints on paper.
KG-1388,classification,Posters,"Drawing, Collage or other Work on Paper",auto_resolution,Visit-India travel posters are lithographic prints on paper.
KG-1388,medium,Poster,Lithographic print on paper,auto_resolution,Visit-India travel posters are lithographic prints on paper.
KG-1389,classification,Posters,"Drawing, Collage or other Work on Paper",auto_resolution,Air India advertising posters are works on paper.
KG-1390,classification,Posters,"Drawing, Collage or other Work on Paper",auto_resolution,Air India advertising posters are works on paper.
KG-1391,classification,Posters,"Drawing, Collage or other Work on Paper",auto_resolution,Air India advertising posters are works on paper.
KG-1392,classification,Posters,"Drawing, Collage or other Work on Paper",auto_resolution,Air India advertising posters are works on paper.
KG-1393,classification,Posters,"Drawing, Collage or other Work on Paper",auto_resolution,Air India advertising posters are works on paper.
KG-1394,classification,Posters,"Drawing, Collage or other Work on Paper",auto_resolution,Air India advertising posters are works on paper.
KG-1396,classification,Painting,"Drawing, Collage or other Work on Paper",auto_resolution,Works on paper map to Artsy's Drawing/Collage category.
KG-1397,classification,Painting,"Drawing, Collage or other Work on Paper",auto_resolution,Works on paper map to Artsy's Drawing/Collage category.
KG-1398,classification,Painting,"Drawing, Collage or other Work on Paper",auto_resolution,Works on paper map to Artsy's Drawing/Collage category.
KG-1400,classification,Painting,"Drawing, Collage or other Work on Paper",auto_resolution,Works on paper map to Artsy's Drawing/Collage category.
KG-1400,medium,,Opaque watercolor on paper,auto_resolution,Default for paintings without medium: most-common gallery medium.
KG-1401,classification,Painting,"Drawing, Collage or other Work on Paper",auto_resolution,Works on paper map to Artsy's Drawing/Collage category.
KG-1401,medium,,Opaque watercolor on paper,auto_resolution,Default for paintings without medium: most-common gallery medium.
KG-1402,classification,Painting,"Drawing, Collage or other Work on Paper",auto_resolution,Works on paper map to Artsy's Drawing/Collage category.
KG-1402,medium,,Opaque watercolor on paper,auto_resolution,Default for paintings without medium: most-common gallery medium.
KG-1403,classification,Painting,"Drawing, Collage or other Work on Paper",auto_resolution,Works on paper map to Artsy's Drawing/Collage category.
KG-1403,medium,,Opaque watercolor on paper,auto_resolution,Default for paintings without medium: most-common gallery medium.
KG-1404,classification,Painting,"Drawing, Collage or other Work on Paper",auto_resolution,Works on paper map to Artsy's Drawing/Collage category.
KG-1405,classification,Painting,"Drawing, Collage or other Work on Paper",auto_resolution,Works on paper map to Artsy's Drawing/Collage category.
KG-1405,medium,,Opaque watercolor on paper,auto_resolution,Default for paintings without medium: most-common gallery medium.
KG-1406,classification,Painting,"Drawing, Collage or other Work on Paper",auto_resolution,Works on paper map to Artsy's Drawing/Collage category.
KG-1406,medium,,Opaque watercolor on paper,auto_resolution,Default for paintings without medium: most-common gallery medium.
KG-1408,medium,,Opaque watercolor on paper,auto_resolution,Default for paper works without medium.
KG-1409,medium,,Opaque watercolor on paper,auto_resolution,Default for paper works without medium.
KG-1411,classification,Painting,"Drawing, Collage or other Work on Paper",auto_resolution,Works on paper map to Artsy's Drawing/Collage category.
KG-1412,classification,Painting,"Drawing, Collage or other Work on Paper",auto_resolution,Works on paper map to Artsy's Drawing/Collage category.
KG-1413,classification,Painting,"Drawing, Collage or other Work on Paper",auto_resolution,Works on paper map to Artsy's Drawing/Collage category.
KG-1414,classification,Painting,"Drawing, Collage or other Work on Paper",auto_resolution,Works on paper map to Artsy's Drawing/Collage category.
KG-1415,classification,Painting,"Drawing, Collage or other Work on Paper",auto_resolution,Works on paper map to Artsy's Drawing/Collage category.
KG-1415,medium,,Opaque watercolor on paper,auto_resolution,Default for paintings without medium: most-common gallery medium.
KG-1416,classification,Painting,"Drawing, Collage or other Work on Paper",auto_resolution,Works on paper map to Artsy's Drawing/Collage category.
KG-1417,classification,Painting,"Drawing, Collage or other Work on Paper",auto_resolution,Works on paper map to Artsy's Drawing/Collage category.
KG-1418,classification,Painting,"Drawing, Collage or other Work on Paper",auto_resolution,Works on paper map to Artsy's Drawing/Collage category.
KG-1419,classification,Painting,"Drawing, Collage or other Work on Paper",auto_resolution,Works on paper map to Artsy's Drawing/Collage category.
KG-1420,classification,Painting,"Drawing, Collage or other Work on Paper",auto_resolution,Works on paper map to Artsy's Drawing/Collage category.
KG-1421,classification,Painting,"Drawing, Collage or other Work on Paper",auto_resolution,Works on paper map to Artsy's Drawing/Collage category.
KG-1422,classification,Painting,"Drawing, Collage or other Work on Paper",auto_resolution,Works on paper map to Artsy's Drawing/Collage category.
KG-1423,classification,Painting,"Drawing, Collage or other Work on Paper",auto_resolution,Works on paper map to Artsy's Drawing/Collage category.
KG-1424,classification,Painting,"Drawing, Collage or other Work on Paper",auto_resolution,Works on paper map to Artsy's Drawing/Collage category.
KG-1424,medium,,Opaque watercolor on paper,auto_resolution,Default for paintings without medium: most-common gallery medium.
KG-1426,classification,Painting,"Drawing, Collage or other Work on Paper",auto_resolution,Works on paper map to Artsy's Drawing/Collage category.
KG-1427,classification,Painting,"Drawing, Collage or other Work on Paper",auto_resolution,Works on paper map to Artsy's Drawing/Collage category.
KG-1427,medium,,Opaque watercolor on paper,auto_resolution,Default for paintings without medium: most-common gallery medium.
KG-1428,classification,Painting,"Drawing, Collage or other Work on Paper",auto_resolution,Works on paper map to Artsy's Drawing/Collage category.
KG-1429,classification,Painting,"Drawing, Collage or other Work on Paper",auto_resolution,Works on paper map to Artsy's Drawing/Collage category.
KG-1429,medium,,Opaque watercolor on paper,auto_resolution,Default for paintings without medium: most-common gallery medium.
KG-1430,classification,Painting,"Drawing, Collage or other Work on Paper",auto_resolution,Works on paper map to Artsy's Drawing/Collage category.
KG-1430,medium,,Opaque watercolor on paper,auto_resolution,Default for paintings without medium: most-common gallery medium.
KG-1431,classification,Painting,"Drawing, Collage or other Work on Paper",auto_resolution,Works on paper map to Artsy's Drawing/Collage category.
KG-1431,medium,,Opaque watercolor on paper,auto_resolution,Default for paintings without medium: most-common gallery medium.
KG-1432,classification,,"Drawing, Collage or other Work on Paper",auto_resolution,Works on paper map to Artsy's Drawing/Collage category.
KG-1437,classification,Painting,"Drawing, Collage or other Work on Paper",auto_resolution,Works on paper map to Artsy's Drawing/Collage category.
KG-1438,classification,Painting,"Drawing, Collage or other Work on Paper",auto_resolution,Works on paper map to Artsy's Drawing/Collage category.
KG-1439,classification,Painting,"Drawing, Collage or other Work on Paper",auto_resolution,Works on paper map to Artsy's Drawing/Collage category.
KG-1440,classification,Painting,"Drawing, Collage or other Work on Paper",auto_resolution,Works on paper map to Artsy's Drawing/Collage category.
KG-1440,medium,,Opaque watercolor on paper,auto_resolution,Default for paintings without medium: most-common gallery medium.
KG-1441,classification,Painting,"Drawing, Collage or other Work on Paper",auto_resolution,Works on paper map to Artsy's Drawing/Collage category.
KG-1442,classification,Painting,"Drawing, Collage or other Work on Paper",auto_resolution,Works on paper map to Artsy's Drawing/Collage category.
KG-1443,classification,Other,"Drawing, Collage or other Work on Paper",auto_resolution,Works on paper map to Artsy's Drawing/Collage category.
KG-1444,classification,,"Drawing, Collage or other Work on Paper",auto_resolution,Works on paper map to Artsy's Drawing/Collage category.
KG-1445,classification,Painting,"Drawing, Collage or other Work on Paper",auto_resolution,Works on paper map to Artsy's Drawing/Collage category.
KG-1446,classification,Painting,"Drawing, Collage or other Work on Paper",auto_resolution,Works on paper map to Artsy's Drawing/Collage category.
KG-1447,classification,,"Drawing, Collage or other Work on Paper",auto_resolution,Works on paper map to Artsy's Drawing/Collage category.
KG-1448,classification,Painting,"Drawing, Collage or other Work on Paper",auto_resolution,Works on paper map to Artsy's Drawing/Collage category.
KG-1450,classification,Painting,"Drawing, Collage or other Work on Paper",auto_resolution,Works on paper map to Artsy's Drawing/Collage category.
KG-1450,medium,,Opaque watercolor on paper,auto_resolution,Default for paintings without medium: most-common gallery medium.
KG-1451,classification,Painting,"Drawing, Collage or other Work on Paper",auto_resolution,Works on paper map to Artsy's Drawing/Collage category.
KG-1452,classification,Painting,"Drawing, Collage or other Work on Paper",auto_resolution,Works on paper map to Artsy's Drawing/Collage category.
KG-1452,medium,,Opaque watercolor on paper,auto_resolution,Default for paintings without medium: most-common gallery medium.
KG-1453,classification,Painting,"Drawing, Collage or other Work on Paper",auto_resolution,Works on paper map to Artsy's Drawing/Collage category.
KG-1453,medium,,Opaque watercolor on paper,auto_resolution,Default for paintings without medium: most-common gallery medium.
KG-1454,classification,Painting,"Drawing, Collage or other Work on Paper",auto_resolution,Works on paper map to Artsy's Drawing/Collage category.
KG-1454,medium,,Opaque watercolor on paper,auto_resolution,Default for paintings without medium: most-common gallery medium.
KG-1455,classification,Painting,"Drawing, Collage or other Work on Paper",auto_resolution,Works on paper map to Artsy's Drawing/Collage category.
KG-1456,classification,Painting,"Drawing, Collage or other Work on Paper",auto_resolution,Works on paper map to Artsy's Drawing/Collage category.
KG-1457,classification,Painting,"Drawing, Collage or other Work on Paper",auto_resolution,Works on paper map to Artsy's Drawing/Collage category.
KG-1457,medium,,Opaque watercolor on paper,auto_resolution,Default for paintings without medium: most-common gallery medium.
KG-1458,classification,Painting,"Drawing, Collage or other Work on Paper",auto_resolution,Works on paper map to Artsy's Drawing/Collage category.
KG-1459,classification,Other,"Drawing, Collage or other Work on Paper",auto_resolution,Works on paper map to Artsy's Drawing/Collage category.
KG-1460,classification,Painting,"Drawing, Collage or other Work on Paper",auto_resolution,Works on paper map to Artsy's Drawing/Collage category.
KG-1461,classification,Painting,"Drawing, Collage or other Work on Paper",auto_resolution,Works on paper map to Artsy's Drawing/Collage category.
KG-1462,classification,Painting,"Drawing, Collage or other Work on Paper",auto_resolution,Works on paper map to Artsy's Drawing/Collage category.
KG-1462,medium,,Opaque watercolor on paper,auto_resolution,Default for paintings without medium: most-common gallery medium.
KG-1463,classification,Painting,"Drawing, Collage or other Work on Paper",auto_resolution,Works on paper map to Artsy's Drawing/Collage category.
KG-1464,classification,Painting,"Drawing, Collage or other Work on Paper",auto_resolution,Works on paper map to Artsy's Drawing/Collage category.
KG-1465,classification,Painting,"Drawing, Collage or other Work on Paper",auto_resolution,Works on paper map to Artsy's Drawing/Collage category.
KG-1466,classification,Painting,"Drawing, Collage or other Work on Paper",auto_resolution,Works on paper map to Artsy's Drawing/Collage category.
KG-1467,classification,Painting,"Drawing, Collage or other Work on Paper",auto_resolution,Works on paper map to Artsy's Drawing/Collage category.
KG-1468,classification,Painting,"Drawing, Collage or other Work on Paper",auto_resolution,Works on paper map to Artsy's Drawing/Collage category.
KG-1469,classification,,"Drawing, Collage or other Work on Paper",auto_resolution,Works on paper map to Artsy's Drawing/Collage category.
KG-1470,classification,Painting,"Drawing, Collage or other Work on Paper",auto_resolution,Works on paper map to Artsy's Drawing/Collage category.
KG-1471,classification,Painting,"Drawing, Collage or other Work on Paper",auto_resolution,Works on paper map to Artsy's Drawing/Collage category.
KG-1472,classification,Painting,"Drawing, Collage or other Work on Paper",auto_resolution,Works on paper map to Artsy's Drawing/Collage category.
KG-1473,classification,Other,"Drawing, Collage or other Work on Paper",auto_resolution,Works on paper map to Artsy's Drawing/Collage category.
KG-1474,classification,Painting,"Drawing, Collage or other Work on Paper",auto_resolution,Works on paper map to Artsy's Drawing/Collage category.
KG-1475,classification,Painting,"Drawing, Collage or other Work on Paper",auto_resolution,Works on paper map to Artsy's Drawing/Collage category.
KG-1475,medium,,Opaque watercolor on paper,auto_resolution,Default for paintings without medium: most-common gallery medium.
KG-1476,classification,Painting,"Drawing, Collage or other Work on Paper",auto_resolution,Works on paper map to Artsy's Drawing/Collage category.
KG-1476,medium,,Opaque watercolor on paper,auto_resolution,Default for paintings without medium: most-common gallery medium.
KG-1477,classification,Painting,"Drawing, Collage or other Work on Paper",auto_resolution,Works on paper map to Artsy's Drawing/Collage category.
KG-1478,classification,Painting,"Drawing, Collage or other Work on Paper",auto_resolution,Works on paper map to Artsy's Drawing/Collage category.
KG-1479,classification,Painting,"Drawing, Collage or other Work on Paper",auto_resolution,Works on paper map to Artsy's Drawing/Collage category.
KG-1480,classification,Other,"Drawing, Collage or other Work on Paper",auto_resolution,Works on paper map to Artsy's Drawing/Collage category.
KG-1481,classification,Painting,"Drawing, Collage or other Work on Paper",auto_resolution,Works on paper map to Artsy's Drawing/Collage category.
KG-1482,classification,Painting,"Drawing, Collage or other Work on Paper",auto_resolution,Works on paper map to Artsy's Drawing/Collage category.
KG-1484,classification,Painting,"Drawing, Collage or other Work on Paper",auto_resolution,Works on paper map to Artsy's Drawing/Collage category.
KG-1485,classification,Painting,"Drawing, Collage or other Work on Paper",auto_resolution,Works on paper map to Artsy's Drawing/Collage category.
KG-1485,medium,,Opaque watercolor on paper,auto_resolution,Default for paintings without medium: most-common gallery medium.
KG-1486,classification,Painting,"Drawing, Collage or other Work on Paper",auto_resolution,Works on paper map to Artsy's Drawing/Collage category.
KG-1486,medium,,Opaque watercolor on paper,auto_resolution,Default for paintings without medium: most-common gallery medium.
KG-1487,classification,Painting,"Drawing, Collage or other Work on Paper",auto_resolution,Works on paper map to Artsy's Drawing/Collage category.
KG-1487,medium,,Opaque watercolor on paper,auto_resolution,Default for paintings without medium: most-common gallery medium.
KG-1488,classification,Painting,"Drawing, Collage or other Work on Paper",auto_resolution,Works on paper map to Artsy's Drawing/Collage category.
KG-1489,classification,Painting,"Drawing, Collage or other Work on Paper",auto_resolution,Works on paper map to Artsy's Drawing/Collage category.
KG-1489,medium,,Opaque watercolor on paper,auto_resolution,Default for paintings without medium: most-common gallery medium.
KG-1490,classification,Painting,"Drawing, Collage or other Work on Paper",auto_resolution,Works on paper map to Artsy's Drawing/Collage category.
KG-1491,classification,Painting,"Drawing, Collage or other Work on Paper",auto_resolution,Works on paper map to Artsy's Drawing/Collage category.
KG-1491,medium,,Opaque watercolor on paper,auto_resolution,Default for paintings without medium: most-common gallery medium.
KG-1492,classification,,"Drawing, Collage or other Work on Paper",auto_resolution,Works on paper map to Artsy's Drawing/Collage category.
KG-1494,classification,Painting,"Drawing, Collage or other Work on Paper",auto_resolution,Works on paper map to Artsy's Drawing/Collage category.
KG-1494,medium,,Opaque watercolor on paper,auto_resolution,Default for paintings without medium: most-common gallery medium.
KG-1495,classification,Painting,"Drawing, Collage or other Work on Paper",auto_resolution,Works on paper map to Artsy's Drawing/Collage category.
KG-1496,classification,Painting,"Drawing, Collage or other Work on Paper",auto_resolution,Works on paper map to Artsy's Drawing/Collage category.
KG-1497,classification,Painting,"Drawing, Collage or other Work on Paper",auto_resolution,Works on paper map to Artsy's Drawing/Collage category.
KG-1497,medium,,Opaque watercolor on paper,auto_resolution,Default for paintings without medium: most-common gallery medium.
KG-1498,classification,Painting,"Drawing, Collage or other Work on Paper",auto_resolution,Works on paper map to Artsy's Drawing/Collage category.
KG-1499,classification,,"Drawing, Collage or other Work on Paper",auto_resolution,Works on paper map to Artsy's Drawing/Collage category.
KG-1501,classification,Painting,"Drawing, Collage or other Work on Paper",auto_resolution,Works on paper map to Artsy's Drawing/Collage category.
KG-1501,medium,,Opaque watercolor on paper,auto_resolution,Default for paintings without medium: most-common gallery medium.
KG-1502,classification,Painting,"Drawing, Collage or other Work on Paper",auto_resolution,Works on paper map to Artsy's Drawing/Collage category.
KG-1502,medium,,Opaque watercolor on paper,auto_resolution,Default for paintings without medium: most-common gallery medium.
KG-1503,classification,Painting,"Drawing, Collage or other Work on Paper",auto_resolution,Works on paper map to Artsy's Drawing/Collage category.
KG-1503,medium,,Opaque watercolor on paper,auto_resolution,Default for paintings without medium: most-common gallery medium.
KG-1504,classification,Painting,"Drawing, Collage or other Work on Paper",auto_resolution,Works on paper map to Artsy's Drawing/Collage category.
KG-1504,medium,,Opaque watercolor on paper,auto_resolution,Default for paintings without medium: most-common gallery medium.
KG-1505,classification,Painting,"Drawing, Collage or other Work on Paper",auto_resolution,Works on paper map to Artsy's Drawing/Collage category.
KG-1505,medium,,Opaque watercolor on paper,auto_resolution,Default for paintings without medium: most-common gallery medium.
KG-1506,classification,Painting,"Drawing, Collage or other Work on Paper",auto_resolution,Works on paper map to Artsy's Drawing/Collage category.
KG-1506,medium,,Opaque watercolor on paper,auto_resolution,Default for paintings without medium: most-common gallery medium.
KG-1507,classification,Painting,"Drawing, Collage or other Work on Paper",auto_resolution,Works on paper map to Artsy's Drawing/Collage category.
KG-1508,classification,,"Drawing, Collage or other Work on Paper",auto_resolution,Works on paper map to Artsy's Drawing/Collage category.
KG-1511,classification,,"Drawing, Collage or other Work on Paper",auto_resolution,Works on paper map to Artsy's Drawing/Collage category.
KG-1512,classification,Painting,"Drawing, Collage or other Work on Paper",auto_resolution,Works on paper map to Artsy's Drawing/Collage category.
KG-1512,medium,,Opaque watercolor on paper,auto_resolution,Default for paintings without medium: most-common gallery medium.
KG-1513,classification,Painting,"Drawing, Collage or other Work on Paper",auto_resolution,Works on paper map to Artsy's Drawing/Collage category.
KG-1513,medium,,Opaque watercolor on paper,auto_resolution,Default for paintings without medium: most-common gallery medium.
KG-1514,classification,Painting,"Drawing, Collage or other Work on Paper",auto_resolution,Works on paper map to Artsy's Drawing/Collage category.
KG-1515,classification,Painting,"Drawing, Collage or other Work on Paper",auto_resolution,Works on paper map to Artsy's Drawing/Collage category.
KG-1517,classification,Painting,"Drawing, Collage or other Work on Paper",auto_resolution,Works on paper map to Artsy's Drawing/Collage category.
KG-1518,classification,Painting,"Drawing, Collage or other Work on Paper",auto_resolution,Works on paper map to Artsy's Drawing/Collage category.
KG-1519,classification,Painting,"Drawing, Collage or other Work on Paper",auto_resolution,Works on paper map to Artsy's Drawing/Collage category.
KG-1520,classification,Painting,"Drawing, Collage or other Work on Paper",auto_resolution,Works on paper map to Artsy's Drawing/Collage category.
KG-1521,classification,Painting,"Drawing, Collage or other Work on Paper",auto_resolution,Works on paper map to Artsy's Drawing/Collage category.
KG-1521,medium,,Opaque watercolor on paper,auto_resolution,Default for paintings without medium: most-common gallery medium.
KG-1522,classification,,"Drawing, Collage or other Work on Paper",auto_resolution,Works on paper map to Artsy's Drawing/Collage category.
KG-1523,classification,Painting,"Drawing, Collage or other Work on Paper",auto_resolution,Works on paper map to Artsy's Drawing/Collage category.
KG-1524,classification,Painting,"Drawing, Collage or other Work on Paper",auto_resolution,Works on paper map to Artsy's Drawing/Collage category.
KG-1526,classification,Painting,"Drawing, Collage or other Work on Paper",auto_resolution,Works on paper map to Artsy's Drawing/Collage category.
KG-1527,classification,Painting,"Drawing, Collage or other Work on Paper",auto_resolution,Works on paper map to Artsy's Drawing/Collage category.
KG-1528,classification,Painting,"Drawing, Collage or other Work on Paper",auto_resolution,Works on paper map to Artsy's Drawing/Collage category.
KG-1529,classification,Painting,"Drawing, Collage or other Work on Paper",auto_resolution,Works on paper map to Artsy's Drawing/Collage category.
KG-1532,classification,Painting,"Drawing, Collage or other Work on Paper",auto_resolution,Works on paper map to Artsy's Drawing/Collage category.
KG-1532,medium,,Opaque watercolor on paper,auto_resolution,Default for paintings without medium: most-common gallery medium.
KG-1533,classification,Painting,"Drawing, Collage or other Work on Paper",auto_resolution,Works on paper map to Artsy's Drawing/Collage category.
KG-1534,classification,Painting,"Drawing, Collage or other Work on Paper",auto_resolution,Works on paper map to Artsy's Drawing/Collage category.
KG-1534,medium,,Opaque watercolor on paper,auto_resolution,Default for paintings without medium: most-common gallery medium.
KG-1535,classification,Painting,"Drawing, Collage or other Work on Paper",auto_resolution,Works on paper map to Artsy's Drawing/Collage category.
KG-1535,medium,,Opaque watercolor on paper,auto_resolution,Default for paintings without medium: most-common gallery medium.
KG-1536,classification,Painting,"Drawing, Collage or other Work on Paper",auto_resolution,Works on paper map to Artsy's Drawing/Collage category.
KG-1536,medium,,Opaque watercolor on paper,auto_resolution,Default for paintings without medium: most-common gallery medium.
KG-1537,classification,Painting,"Drawing, Collage or other Work on Paper",auto_resolution,Works on paper map to Artsy's Drawing/Collage category.
KG-1538,classification,,"Drawing, Collage or other Work on Paper",auto_resolution,Works on paper map to Artsy's Drawing/Collage category.
KG-1540,medium,,Opaque watercolor on paper,auto_resolution,Default for paper works without medium.
KG-1541,classification,,"Drawing, Collage or other Work on Paper",auto_resolution,Works on paper map to Artsy's Drawing/Collage category.
KG-1542,classification,Painting,"Drawing, Collage or other Work on Paper",auto_resolution,Works on paper map to Artsy's Drawing/Collage category.
KG-1543,classification,Painting,"Drawing, Collage or other Work on Paper",auto_resolution,Works on paper map to Artsy's Drawing/Collage category.
KG-1544,classification,,"Drawing, Collage or other Work on Paper",auto_resolution,Works on paper map to Artsy's Drawing/Collage category.
KG-1545,classification,Painting,"Drawing, Collage or other Work on Paper",auto_resolution,Works on paper map to Artsy's Drawing/Collage category.
KG-1546,classification,Painting,"Drawing, Collage or other Work on Paper",auto_resolution,Works on paper map to Artsy's Drawing/Collage category.
KG-1547,classification,Painting,"Drawing, Collage or other Work on Paper",auto_resolution,Works on paper map to Artsy's Drawing/Collage category.
KG-1547,medium,,Opaque watercolor on paper,auto_resolution,Default for paintings without medium: most-common gallery medium.
KG-1549,classification,Painting,"Drawing, Collage or other Work on Paper",auto_resolution,Works on paper map to Artsy's Drawing/Collage category.
KG-1550,classification,Painting,"Drawing, Collage or other Work on Paper",auto_resolution,Works on paper map to Artsy's Drawing/Collage category.
KG-1551,classification,Painting,"Drawing, Collage or other Work on Paper",auto_resolution,Works on paper map to Artsy's Drawing/Collage category.
KG-1552,classification,,"Drawing, Collage or other Work on Paper",auto_resolution,Works on paper map to Artsy's Drawing/Collage category.
KG-1553,classification,Painting,"Drawing, Collage or other Work on Paper",auto_resolution,Works on paper map to Artsy's Drawing/Collage category.
KG-1554,classification,,"Drawing, Collage or other Work on Paper",auto_resolution,Works on paper map to Artsy's Drawing/Collage category.
KG-1555,classification,Painting,"Drawing, Collage or other Work on Paper",auto_resolution,Works on paper map to Artsy's Drawing/Collage category.
KG-1556,classification,,"Drawing, Collage or other Work on Paper",auto_resolution,Works on paper map to Artsy's Drawing/Collage category.
KG-1558,classification,Painting,"Drawing, Collage or other Work on Paper",auto_resolution,Works on paper map to Artsy's Drawing/Collage category.
KG-1559,classification,Painting,"Drawing, Collage or other Work on Paper",auto_resolution,Works on paper map to Artsy's Drawing/Collage category.
KG-1561,classification,Painting,"Drawing, Collage or other Work on Paper",auto_resolution,Works on paper map to Artsy's Drawing/Collage category.
KG-1562,classification,Painting,"Drawing, Collage or other Work on Paper",auto_resolution,Works on paper map to Artsy's Drawing/Collage category.
KG-1563,classification,Painting,"Drawing, Collage or other Work on Paper",auto_resolution,Works on paper map to Artsy's Drawing/Collage category.
KG-1563,medium,,Opaque watercolor on paper,auto_resolution,Default for paintings without medium: most-common gallery medium.
KG-1565,classification,,"Drawing, Collage or other Work on Paper",auto_resolution,Works on paper map to Artsy's Drawing/Collage category.
KG-1566,classification,Painting,"Drawing, Collage or other Work on Paper",auto_resolution,Works on paper map to Artsy's Drawing/Collage category.
KG-1567,classification,Painting,"Drawing, Collage or other Work on Paper",auto_resolution,Works on paper map to Artsy's Drawing/Collage category.
KG-1568,classification,Painting,"Drawing, Collage or other Work on Paper",auto_resolution,Works on paper map to Artsy's Drawing/Collage category.
KG-1570,classification,Painting,"Drawing, Collage or other Work on Paper",auto_resolution,Works on paper map to Artsy's Drawing/Collage category.
KG-1571,classification,,"Drawing, Collage or other Work on Paper",auto_resolution,Works on paper map to Artsy's Drawing/Collage category.
KG-1572,classification,Painting,"Drawing, Collage or other Work on Paper",auto_resolution,Works on paper map to Artsy's Drawing/Collage category.
KG-1575,classification,,"Drawing, Collage or other Work on Paper",auto_resolution,Works on paper map to Artsy's Drawing/Collage category.
KG-1576,classification,Painting,"Drawing, Collage or other Work on Paper",auto_resolution,Works on paper map to Artsy's Drawing/Collage category.
KG-1578,classification,Painting,"Drawing, Collage or other Work on Paper",auto_resolution,Works on paper map to Artsy's Drawing/Collage category.
KG-1579,classification,Other,"Drawing, Collage or other Work on Paper",auto_resolution,Works on paper map to Artsy's Drawing/Collage category.
KG-1580,classification,Painting,"Drawing, Collage or other Work on Paper",auto_resolution,Works on paper map to Artsy's Drawing/Collage category.
KG-1581,classification,Painting,"Drawing, Collage or other Work on Paper",auto_resolution,Works on paper map to Artsy's Drawing/Collage category.
KG-1582,classification,Painting,"Drawing, Collage or other Work on Paper",auto_resolution,Works on paper map to Artsy's Drawing/Collage category.
KG-1583,classification,,"Drawing, Collage or other Work on Paper",auto_resolution,Works on paper map to Artsy's Drawing/Collage category.
KG-1585,classification,Painting,"Drawing, Collage or other Work on Paper",auto_resolution,Works on paper map to Artsy's Drawing/Collage category.
KG-1586,classification,Painting,"Drawing, Collage or other Work on Paper",auto_resolution,Works on paper map to Artsy's Drawing/Collage category.
KG-1587,classification,Painting,"Drawing, Collage or other Work on Paper",auto_resolution,Works on paper map to Artsy's Drawing/Collage category.
KG-1588,classification,Painting,"Drawing, Collage or other Work on Paper",auto_resolution,Works on paper map to Artsy's Drawing/Collage category.
KG-1589,classification,Other,"Drawing, Collage or other Work on Paper",auto_resolution,Works on paper map to Artsy's Drawing/Collage category.
KG-1590,classification,Painting,"Drawing, Collage or other Work on Paper",auto_resolution,Works on paper map to Artsy's Drawing/Collage category.
KG-1591,classification,,"Drawing, Collage or other Work on Paper",auto_resolution,Works on paper map to Artsy's Drawing/Collage category.
KG-1592,classification,Painting,"Drawing, Collage or other Work on Paper",auto_resolution,Works on paper map to Artsy's Drawing/Collage category.
KG-1593,classification,,"Drawing, Collage or other Work on Paper",auto_resolution,Works on paper map to Artsy's Drawing/Collage category.
KG-1594,classification,Painting,"Drawing, Collage or other Work on Paper",auto_resolution,Works on paper map to Artsy's Drawing/Collage category.
KG-1596,classification,Painting,"Drawing, Collage or other Work on Paper",auto_resolution,Works on paper map to Artsy's Drawing/Collage category.
KG-1597,classification,Painting,"Drawing, Collage or other Work on Paper",auto_resolution,Works on paper map to Artsy's Drawing/Collage category.
KG-1598,classification,,"Drawing, Collage or other Work on Paper",auto_resolution,Works on paper map to Artsy's Drawing/Collage category.
KG-1599,classification,,"Drawing, Collage or other Work on Paper",auto_resolution,Works on paper map to Artsy's Drawing/Collage category.
KG-1600,medium,,Opaque watercolor on paper,auto_resolution,Default for paper works without medium.
KG-1601,classification,Painting,"Drawing, Collage or other Work on Paper",auto_resolution,Works on paper map to Artsy's Drawing/Collage category.
KG-1601,medium,,Opaque watercolor on paper,auto_resolution,Default for paintings without medium: most-common gallery medium.
KG-1602,classification,Painting,"Drawing, Collage or other Work on Paper",auto_resolution,Works on paper map to Artsy's Drawing/Collage category.
KG-1603,classification,Painting,"Drawing, Collage or other Work on Paper",auto_resolution,Works on paper map to Artsy's Drawing/Collage category.
KG-1604,classification,Painting,"Drawing, Collage or other Work on Paper",auto_resolution,Works on paper map to Artsy's Drawing/Collage category.
KG-1604,medium,,Opaque watercolor on paper,auto_resolution,Default for paintings without medium: most-common gallery medium.
KG-1605,classification,Painting,"Drawing, Collage or other Work on Paper",auto_resolution,Works on paper map to Artsy's Drawing/Collage category.
KG-1605,medium,,Opaque watercolor on paper,auto_resolution,Default for paintings without medium: most-common gallery medium.
KG-1606,classification,Painting,"Drawing, Collage or other Work on Paper",auto_resolution,Works on paper map to Artsy's Drawing/Collage category.
KG-1606,medium,,Opaque watercolor on paper,auto_resolution,Default for paintings without medium: most-common gallery medium.
KG-1607,classification,Painting,"Drawing, Collage or other Work on Paper",auto_resolution,Works on paper map to Artsy's Drawing/Collage category.
KG-1607,medium,,Opaque watercolor on paper,auto_resolution,Default for paintings without medium: most-common gallery medium.
KG-1608,classification,Painting,"Drawing, Collage or other Work on Paper",auto_resolution,Works on paper map to Artsy's Drawing/Collage category.
KG-1608,medium,,Opaque watercolor on paper,auto_resolution,Default for paintings without medium: most-common gallery medium.
KG-1609,classification,Painting,"Drawing, Collage or other Work on Paper",auto_resolution,Works on paper map to Artsy's Drawing/Collage category.
KG-1609,medium,,Opaque watercolor on paper,auto_resolution,Default for paintings without medium: most-common gallery medium.
KG-1612,medium,,Opaque watercolor on paper,auto_resolution,Default for paper works without medium.
KG-1613,medium,,Opaque watercolor on paper,auto_resolution,Default for paper works without medium.
KG-1617,classification,,"Drawing, Collage or other Work on Paper",auto_resolution,Works on paper map to Artsy's Drawing/Collage category.
KG-1618,classification,Painting,"Drawing, Collage or other Work on Paper",auto_resolution,Works on paper map to Artsy's Drawing/Collage category.
KG-1619,classification,Painting,"Drawing, Collage or other Work on Paper",auto_resolution,Works on paper map to Artsy's Drawing/Collage category.
KG-1622,classification,,"Drawing, Collage or other Work on Paper",auto_resolution,Works on paper map to Artsy's Drawing/Collage category.
KG-1624,classification,Painting,"Drawing, Collage or other Work on Paper",auto_resolution,Works on paper map to Artsy's Drawing/Collage category.
KG-1628,classification,Painting,"Drawing, Collage or other Work on Paper",auto_resolution,Works on paper map to Artsy's Drawing/Collage category.
KG-1629,classification,Painting,"Drawing, Collage or other Work on Paper",auto_resolution,Works on paper map to Artsy's Drawing/Collage category.
KG-1630,classification,Painting,"Drawing, Collage or other Work on Paper",auto_resolution,Works on paper map to Artsy's Drawing/Collage category.
KG-1632,classification,Painting,"Drawing, Collage or other Work on Paper",auto_resolution,Works on paper map to Artsy's Drawing/Collage category.
KG-1633,classification,Painting,"Drawing, Collage or other Work on Paper",auto_resolution,Works on paper map to Artsy's Drawing/Collage category.
KG-1634,classification,Painting,"Drawing, Collage or other Work on Paper",auto_resolution,Works on paper map to Artsy's Drawing/Collage category.
KG-1635,classification,Painting,"Drawing, Collage or other Work on Paper",auto_resolution,Works on paper map to Artsy's Drawing/Collage category.
KG-1636,classification,Painting,"Drawing, Collage or other Work on Paper",auto_resolution,Works on paper map to Artsy's Drawing/Collage category.
KG-1637,classification,Painting,"Drawing, Collage or other Work on Paper",auto_resolution,Works on paper map to Artsy's Drawing/Collage category.
KG-1638,classification,Painting,"Drawing, Collage or other Work on Paper",auto_resolution,Works on paper map to Artsy's Drawing/Collage category.
KG-1639,classification,Painting,"Drawing, Collage or other Work on Paper",auto_resolution,Works on paper map to Artsy's Drawing/Collage category.
KG-1640,classification,,"Drawing, Collage or other Work on Paper",auto_resolution,Works on paper map to Artsy's Drawing/Collage category.
KG-1642,classification,,"Drawing, Collage or other Work on Paper",auto_resolution,Works on paper map to Artsy's Drawing/Collage category.
KG-1643,classification,Painting,"Drawing, Collage or other Work on Paper",auto_resolution,Works on paper map to Artsy's Drawing/Collage category.
KG-1644,classification,,"Drawing, Collage or other Work on Paper",auto_resolution,Works on paper map to Artsy's Drawing/Collage category.
KG-1646,classification,,"Drawing, Collage or other Work on Paper",auto_resolution,Works on paper map to Artsy's Drawing/Collage category.
KG-1648,classification,Painting,"Drawing, Collage or other Work on Paper",auto_resolution,Works on paper map to Artsy's Drawing/Collage category.
KG-1652,classification,Painting,"Drawing, Collage or other Work on Paper",auto_resolution,Works on paper map to Artsy's Drawing/Collage category.
KG-1657,classification,,Sculpture,auto_resolution,Bronze cast works are sculptures.
KG-1660,classification,,Sculpture,auto_resolution,Bronze cast works are sculptures.
KG-1668,classification,,Sculpture,auto_resolution,Bronze cast works are sculptures.
KG-1671,classification,Painting,"Drawing, Collage or other Work on Paper",auto_resolution,Works on paper map to Artsy's Drawing/Collage category.
KG-1672,classification,,"Drawing, Collage or other Work on Paper",auto_resolution,Works on paper map to Artsy's Drawing/Collage category.
KG-1673,classification,Painting,"Drawing, Collage or other Work on Paper",auto_resolution,Works on paper map to Artsy's Drawing/Collage category.
KG-1674,classification,,"Drawing, Collage or other Work on Paper",auto_resolution,Works on paper map to Artsy's Drawing/Collage category.
KG-1675,classification,Painting,"Drawing, Collage or other Work on Paper",auto_resolution,Works on paper map to Artsy's Drawing/Collage category.
KG-1676,classification,Painting,"Drawing, Collage or other Work on Paper",auto_resolution,Works on paper map to Artsy's Drawing/Collage category.
KG-1677,classification,Painting,"Drawing, Collage or other Work on Paper",auto_resolution,Works on paper map to Artsy's Drawing/Collage category.
KG-1678,classification,,"Drawing, Collage or other Work on Paper",auto_resolution,Works on paper map to Artsy's Drawing/Collage category.
KG-1679,classification,Painting,"Drawing, Collage or other Work on Paper",auto_resolution,Works on paper map to Artsy's Drawing/Collage category.
KG-1682,classification,,"Drawing, Collage or other Work on Paper",auto_resolution,Works on paper map to Artsy's Drawing/Collage category.
KG-1683,classification,Painting,"Drawing, Collage or other Work on Paper",auto_resolution,Works on paper map to Artsy's Drawing/Collage category.
KG-1685,classification,Painting,"Drawing, Collage or other Work on Paper",auto_resolution,Works on paper map to Artsy's Drawing/Collage category.
KG-1686,classification,Painting,"Drawing, Collage or other Work on Paper",auto_resolution,Works on paper map to Artsy's Drawing/Collage category.
KG-1687,classification,Painting,"Drawing, Collage or other Work on Paper",auto_resolution,Works on paper map to Artsy's Drawing/Collage category.
KG-1688,classification,,"Drawing, Collage or other Work on Paper",auto_resolution,Works on paper map to Artsy's Drawing/Collage category.
KG-1689,classification,Painting,"Drawing, Collage or other Work on Paper",auto_resolution,Works on paper map to Artsy's Drawing/Collage category.
KG-1690,classification,,"Drawing, Collage or other Work on Paper",auto_resolution,Works on paper map to Artsy's Drawing/Collage category.
KG-1691,classification,Painting,"Drawing, Collage or other Work on Paper",auto_resolution,Works on paper map to Artsy's Drawing/Collage category.
KG-1692,classification,Painting,"Drawing, Collage or other Work on Paper",auto_resolution,Works on paper map to Artsy's Drawing/Collage category.
KG-1693,classification,,"Drawing, Collage or other Work on Paper",auto_resolution,Works on paper map to Artsy's Drawing/Collage category.
KG-1694,classification,,"Drawing, Collage or other Work on Paper",auto_resolution,Works on paper map to Artsy's Drawing/Collage category.
KG-1695,classification,,"Drawing, Collage or other Work on Paper",auto_resolution,Works on paper map to Artsy's Drawing/Collage category.
KG-1697,classification,,Sculpture,auto_resolution,Stone matrix materials are categorized as Sculpture on Artsy.
KG-1698,classification,,Sculpture,auto_resolution,Schist works are sculptures.
