j,Image,Title,Origin,Date,Medium ,Dimensions,Physical Location,File Location,Acquired From,Literature & Exhibited,Provenance,Essay Writtenn( Yes/No),
,,Bharany Ramayana ,"Punjab Hills, Kangra",1775-1780,Opaque Watercolor heightened with gold on paper ,"Folio 97⁄8 x 14 in. (25.1 x 35.6 cm.)
Image 75⁄8 x 115⁄8 in. (19.4 x 29.5 cm.)",,,Christies,https://drive.google.com/drive/u/0/folders/1oh7B_EyCKy0jZ-DFZWx8hD_QNKXjYVE-,"Collection of Dr Alma Latifi, CIE, OBE (1879-1959).
Sotheby’s New York, 5 December 1992, lot 163.
Christie’s New York, 27 September 2023, lot 501.
",,
,,"Draupadi and her five husbands leave after visiting a prince,
Illustration from Bhagavata Purana
Attributed to Manaku
India, Punjab Hills, Basholi, circa 1740 ","Basohli, Punjab Hills, India",Ca 1740,,,," Draupadi and her five husbands leave after visiting a prince, Illustration from Bhagavata Purana",Christies,"D. Wiener, Indian Miniature Painting, New York, 1974, no. 19.
K. Kalista and C. Rochell, Classical Indian Painting, New York, 2015, pp. 68-69.
B.N. Goswami, Manaku of Guler: The Life and Work of Another Great Indian Painter from a Small Hill State, New Delhi, 2017, no. B162, p. 447.       Exhibited:   Doris Wiener Gallery, New York, ""Indian Miniature Painting,"" 16 November - 31 December 1974, no. 19.
Carlton Rochell Asian Art, New York, ""Classical Indian Paintings,"" 13-20 March, 2015, no. 24.","Christie's New York, 20 March 2012, Lot 215.",,
,,Illustration from the Bhagavata Purana: Shishupal and his Retinue,"Punjabi Hills, Garhwal",Ca 1775,"Opaque watercolor heightened with gold on paper
",,,Ilustration from the Bhagavata Purana: Sisupalas and his Retinue ,Consigned in,,"Arthur L. Funk Collection acquired January 2nd, 1970 plus additional publications",,
2022,,"Illustration to the ‘Large’ Guler-Basohli Bhagavata Purana: 
The Liberation of Nalakuvara and Manigriva","Attributed to Manaku, Guler-Basohli",circa 1760-1765,Opaque watercolor heightened with gold on paper,"Image: 9 ⅛ x 13 ¼ in. (23.3 x 33.5 cm.)
Folio: 11 ¼ x 16 in. (28.9 x 41 cm.)
",Gallery 4/28,"38 - Illustration to A Bhagavata Purana: Krishna Uprooting the tree, The Liberation of Nalakuvara and Manigriva",,,"The collection of Brendan Garry (d. 16 September 2011).
The collection of Siva Swaminathan (d. 26 March 2014).",,
,,"An illustration from a Kirata Arjuniya series , circa 1820
Kirata Arjuniya","India, Kangra",Ca 1820,Opaque watercolor heightened with gold on paper,"Sheet: 15 1/2 x 19 7/8 in. (39.4 x 50.5 cm.),      Sight: 13 3/4 x 18 1/2 in. (34.93 x 46.99 cm.),     Frame: 22 1/2 x 27 1/4 in. (57.15 x 69.22 cm.)",,Kiratarjuniya,,,Potomack,,"Acquired from the Doris Weiner Gallery by repute,
Private Virginia collection, thence by descent. The Potomack Company, Virginia, 2 February 2023, lot 501.
"
,,A bronze figure of Jambhala ,"Indonesia, Java",10th Century or later,,41⁄8 in. (10.5 cm.),,Jambhala,Glass Cabinet,,Christies,,"Property from the Collection of Carter Burden; 
Sotheby's New York, 27 March 1991, lot 111.
Christie’s New York, 27 September 2023, lot 594.
"
,,"A Pair of Carved, silvered  and painted horses","India, Kangra",19th Century,"Wood, Silver",33 ½ in. (85.1 cm.) high,,"A pair of carved, silvered and painted horses",With Christies,,Christies,,"Acquired from Matthew Schutz, New York, by Ann and Gordon Getty in 1981.
Christie’s New York, 19th October 2023, lot 256.
"
,,"Hand colored, gelatin Portrait of Maharaja of Jaipur ",,,Hand-Coloured Silver Gelatin Photograph,(47 x 32 cm),NEEDED,,Shelf above Husky,,Davidson,,
,,Hunting Party Miniature ,??,19th Century ,"Gouache, Ink & Gilt on Paper",34 x 25.5 cm,,Hunting Party Miniature,Drawer 13,,Davidson,,
,,A Tibetan Thangka depicting Saddha,,18th/19th Century,Mineral Pigments on cloth,"Framed: 27 1/8 x 39 1/2 in., 69 x 100.5 cm.",,Saddha Thangka,Shelf above husky??,,Hindman,,"Property from the José M. Neistein Collection.
Hindman, Chicago, 28 March 2023, lot 307.
"
,,"Yoshida Hiroshi Taj Mahal in the morning, signed in ink Yoshida, in pencil in Roman script Hiroshi Yoshida, sealed, on left margin sealed Jizuri (self-printed)",,1932,"Woodblock print, signed in ink",15 ¾ x 21 ¾ in. (40 x 55.2 cm.),,Hiroshi Yoshida Taj Mahal,Drawer,,Christies,,"Christie's to email us (as of Jan 2, 2024)"
,,Yoshida Hiroshi Afghanistan day woodblock,,1932,"Woodblock print, signed in ink",11 1/8 x 15 ¾ in. (28.3 x 40 cm.),,,Drawer,,Christies,,"Christie's to email us (as of Jan 2, 2024)"
,,Yoshida Hiroshi Taj Mahal in the evening ,,1932,"Woodblock print, signed in ink",15 ¾ x 21 in. (40 x 53.3 cm.),,,Drawer,,Christies,,"Christie's to email us (as of Jan 2, 2024)"
,,Yoshida Hiroshi Afghanistan evening woodblock ,,1932,"Woodblock print, signed in ink",11 1/8 x 15 7/8 in. (28.3 x 40.3 cm.),,,Drawer,,Christies,,"Christie's to email us (as of Jan 2, 2024)"
 Rubin Ladd Consignment Objects ,,,,,,,,,,,,,
,,"Kakubha Ragini
","Rajasthan, possibly Raghugarh",1780-1800,Ink and opaque watercolor on paper,Image: 7 ⅞ x 4 ⅜ in,Closet A2,kakubha ragini,??,,Consigned-in ,,Sanjay to locate in Rubin-Ladd materials
,,Bhim Singh with attendants,Mewar,19th century,"Opaque watercolor heightened with gold on paper
",6 5/8 x 9 1/2 in.,Drawer 14,Bhim Singh with attendants,,,Consigned-in ,,Sanjay to locate in Rubin-Ladd materials
Ghose Consignment Objects ,,,,,,,,,,,,,
,,A Buff Sandstone Torso of  Vishnu,Central India,12th Century,Sandstone ,40 x 26 x 12 in.,,A Buff Sandstone Torso of  Vishnu,gallery,,Consigned-in,,
,,A gray schist head of Boddhisattva,Gandhara,2nd/3rd Century,Schist,18 x 7 x 5 in.,,A gray schist head of Boddhisattva,gallery,,Consigned-in,,
,,A stucco hand of Buddha,Gandhara,3rd Century,Stucco,20.5 x 9.5 x 8.5 in.,,A stucco hand of Buddha,gallery,,Consigned-in,,
,,A Grey Schist Figure of a seated Boddhisattva ,Ghandara,2nd/3rd Century,Schist,29 x 16.5 x 6 in.,,A Grey Schist Figure of a seated Boddhisattva ,gallery,,Consigned-in,,
,,A gray schist frieze with three  Boddhisattva ,Gandhara,2nd/3rd Century,Schist,12.5 x 18 x 4 in.,,A gray schist frieze with three  Boddhisattva ,gallery,,Consigned-in,,
,,A Green Schist Figure of a Standing Attendant,Gandhara,2nd/3rd Century,Schist,21 x 6 x 4 in.,,A Green Schist Figure of a Standing Attendant,glass cabinet,,Consigned-in,,
,,Panchamukhilingam,,,,,,,,,Consigned-in,,
,,A sandstone Chaturmukhilingam,Central Indian,"Post-Gupta, Circa 8th Century",Sandstone ,9 1/2 in. (23.5 cm.) high ,,,Gallery,https://drive.google.com/drive/u/0/folders/1TCzdkQ8_dwMOCYHkQEJ4xon5tYDf9Bt1,Consigned-in (Ghose),,"Acquired from Spink & Son, 1983"
,,A black stone bust of Buddha,"Eastern India, Bihar",11th Century,black stone,24 x 17.5 x 8 in.,,,Gallery,https://drive.google.com/drive/folders/1qNWDOHAnyOFZzvr0axsA9phz6FVcoX_a,Consigned-in,,
,,A painting of a composite horse and rider,"North India, Bilaspur",circa 1700-1720,,81⁄2 x 6 in. (21.6 x 15.2 cm.),,,on view,https://drive.google.com/drive/folders/1SEP3s7R2gVGvB2wRGaSaDkNS0GjVxjn6?usp=sharing,,"Christies New York, Sacred and Imperial: The Hames and Marulynn Alsdorf Collection Online, 4-29 September 2020, lot 27.",
,,Inebriated ascetics,Rajasthan,Circa 1750-60,Opaque watercolor on paper,"Image: 8 ⅝ x 5 ¾ in. (21.9 x 14.6 cm.)
Folio: 9 ⅞ x 6 ⅞ in. (25.1 x 17.5 cm.)",,,Closet A3,https://drive.google.com/drive/folders/1F9xxxOEdjKxni7tYV2qfwYY0WVdSNhxN?usp=sharing,,,
,,Ganesha,"Northeastern India, Pala Dynasty",11th century,Gray basalt,26 x 14 1/3 x 3 1/3 in. (66 x 36.3 x 8.4 cm.),Gallery,,gallery,https://drive.google.com/drive/folders/1eUc4r2EcwE6taMbe0fMBS8UXNDziAt4E?usp=sharing,,"From the collection of Jean-Claude Moreau- Gobard, 1960’s",
2019,,Mahakala Shadbhuja ,Tibet, 17th century,Bronze with polychrome,6 in. (15 cm) high.,"closet, D3",3 - Mahakala,,"Himalayan Art Resources (himalayanart.org), item no. 35867.","Toronto Collection, with Sipnk & Son, London, circa 1995.
Acquired by the current owner from a public sale, Toronto, 10 June 2013.
Christie's New York, 14 March 2017, lot 209.",,
2021,,Chakrasamvara and Vajrayogini,Nepal,15th-16th century,Gilt copper,8 1/2 in. (22 cm.) high,gallery,Chakrasamvara and Vajrayogini,"Bonhams New York, 23 Sept 2020, lot. 629.",Himalayan Art Resources item no. 16809,"Henri and Dolores Kamer, New York
Private Collection, USA, acquired from the above in the early 1990s",,
2019,,Chakrasamvara,Tibet,17th century,Ground mineral pigments on cloth,34 x 25 in. (86 x 64 cm.),"basement
BC2",28 - Chakrasamvara,Chris Barker,,from the Uzes Collection (France) acquired in the 1950s,,
2021,,Illustration to the Devi Mahatmya: Kali Withdraws from Vishnu,Jaipur,circa 1800,Opaque watercolor heightened with gold on paper,"Image: 11 3/8 x 7 1/2 in. (28.9 x 19.1 cm.)
Folio: 11 3/4 x 7 3/4 in. (29.8 x 19.7 cm.)",Drawer 8,Kali Withdraws from Vishnu,,,"Sas Cornette De Saint Cyr, 31 October 2017, Lot 158",,
2021,,Kali Trampling Shiva,"Rajasthan, Jaipur",late 18th century,Opaque watercolor heightened with gold on paper,"Image: 7 1⁄8 x 4 1/2 in. (18.1 x 11.4 cm.)
Folio: 9 7⁄8 x 7 1⁄4 in. (25.1 x 18.4 cm.)",Gallery 4/28,Kali Trampling Shiva,"Christies New York, Sacred and Imperial: The Hames and Marulynn Alsdorf Collection Online, 4-29 September 2020, lot 25.",,"Nik Douglas, British Virgin Islands, 17 December 1982.
The James and Marilynn Alsdorf Collection, Chicago.",,
2021,,Chinnamasta,"Rajasthan, Jaipur",late 18th century,Opaque watercolor heightened with gold on paper,"Image: 7 1⁄8 x 4 1⁄2 in. (18.1 x 11.4 cm.)
Folio: 8 7⁄8 x 6 7⁄8 in. (22.5 x 17.5 cm.)",Gallery 4/28,Chinnamasta,"Christies New York, Sacred and Imperial: The Hames and Marulynn Alsdorf Collection Online, 4-29 September 2020, lot 26.",,"Nik Douglas, British Virgin Islands, 17 December 1982.
The James and Marilynn Alsdorf Collection, Chicago.",,
2021,,Lalita Maha Tripura Sundari,"Mandi, style of Sajnu",circa 1810,Opaque watercolor heightened with silver and gold on paper,"Image: 9 1/8 x 5 7/8 in. (23.2 x 14.9 cm.)
Folio: 11 3/4 x 8 1/4 in. (29.8 x 21 cm.)",Gallery,Lalita Maha Tripura Sundari,"Runjeet Singh, 23 October 2020.",,"Royal Mandi collection.
Acquired by the present owner on the UK art market.
",,
2021,,Uma (Parvati),"South India, Tamil Nadu","Chola period, 11th-12th century",copper alloy,"15 x 8 ½ in. (38.1 x 21.5 cm.) 
",Gallery,Uma (Parvati),"Galleria Ethnologica, Forli, Italy, 2011",,"Provenance: 
Estate of Kelly Brook, acquired in India in the 1950s.
Galleria Ethnologica, Forli, Italy, 2011. 
",,
2021,,A Ram’s Head Shamshir,"Lucknow, Uttar Pradesh (North-Eastern India)",19th Century,,18 in. (47.7 cm.) high,Gallery,Rams head shamshir,Runjeet Singh,,Acquried by the present owner on the UK art market,,
2021,,Krishna with Female Attendants,Bikaner,last quarter of the 17th century,Opaque watercolor heightened with gold on paper,"Image: 8 ⅜ x 5 ⅜ in. (21.3 x 12.7 cm.)
Folio: 13 ¼ x 8 ⅝ in. (33.7 x 21.9 cm.)
",Gallery 4/28,Krishna with Female Attendants,,,??,,
2019,,Leaf from a Gita Govinda series: Radha Vents her Frustrations,First generation after Nainsukh; Kangra,circa 1775-1780,Opaque watercolor heightened with gold on paper,7 x 10 ⅝ in. (17 x 27 cm),Consigned to Christies September 2021,39 - Leaf from a Gita Govinda series: Radha Vents her Frustrations,,,"Francoise & Claude Bourelier, Paris",,
2021,,Buddha Shakyamuni,Swat Valley,7th-8th century,Bronze with copper inlay,3 ¾ in. (9.5 cm.) high,glass case,A Bronze Figure of Buddha Shakyamuni,"Christie's New York, Sacred and Imperial: The James and Marilynn Alsdorf Collection Part II, 24 Sept 2020, lot. 954.","Ulrich von Schroeder, Indo-Tibetan Bronzes, Hong Kong, 1981, p. 89. Fig 8D.","Bruce Miller, San Francisco, 9 June 1976.
The James and Marilynn Alsdorf Collection, Chicago.",,
2021,,Bodhisattva,Swat Valley or Kashmir,9th century,Bronze with silver and copper inlay,5 ½ in. (14 cm.) high,glass case,A silver- and copper-inlaid bronze figure of a Bodhisattva,"Christie's New York, Sacred and Imperial: The James and Marilynn Alsdorf Collection Part II, 24 Sept 2020, lot. 955.",,"Spink and Son, Ltd., London, 6 June 1980.
The James and Marilynn Alsdorf Collection, Chicago.",,
2021,,Tara,Kashmir,9th-10th century,Copper alloy with silver inlay, 7 1/2 in. (19 cm.) high,glass case,Copper alloy figure of Tara,"Sotheby's New York, 22 September 2020, lot 316.",Himalayan Art Resources item no. 13749.,"Henry Spencers and Son Auctioneers, The Square, Retford, January 1996
Paul M Peters Fine Art Ltd, Harrogate, North Yorkshire
John Nicholson's, Haslemere, Surrey, April 18, 2018, lot 141",,
2021,, Yaksha ,Northeastern India," Pala period, 10th-11th century","Black basalt
",32 x 13 x 5 ¾ in. (81.3 x 33 x 14.6 cm.),gallery,A Benevolent Yaksha,,," Sotheby’s, New York, 29 March 2006, lot 207",,
2021,,Buddha Shakyamuni,"Northeastern India, Bihar","Pala period, 11th century",Black basalt,27 x 14 1/3 x 6 1/2 in. (68.6 x 36.3 x 16.5),gallery,Buddha Shakyamuni,,HAR 7676,Private NY collection since the 1990s,,
2019,,"An illustration to a Rasikapriya series:
Radha, seated in a pavilion, visited by a female companion dressed as a boy",Kangra,C. 1820,Gouache heightened with gold on prepared paper,11 x 7 ½ in. (28 x 19 cm.),Drawer 8,76 - Illustration to a Rasikapriya Series,,,"Collection of the late Pearl King (1918-2015).
Probably acquired from Maggs Bros or Sotheby's London from the 1960’s onwards (based on communication).
 ",,
2021,,Illustration from the Ramayana,Nepal,18th century,Opaque watercolor heightened with gold on paper,8 x 11 ¾ in. (20.3 x 29.8 cm.),"Tibet Nepal Drawer, Drawer 14",Illustration from the Ramayana,"Material Culture, 5/5/19, lot 59",,Doris Weiner Gallery (label on frame),,
2022,,Illustration to the Ramayana: Rama and Sita Enthroned,Basohli,circa 1730,Opaque watercolor heightened with gold on paper,,Drawer 8,Illustration to the Ramayana: Rama and Sita Enthroned,,,,,
,,A leaf from the ‘Second’ Guler Ramayana series: Rama and His Allies Take Counsel ,"Guler, First Generation after Nainsukh and Manaku",circa 1790,Opaque watercolor heightened with gold on paper,"Image: 8 x 12 in. (20.3 x 30.5 cm.)
Folio: 10 x 13 7/8 in. (25.4 x 35.3 cm.)","clsoet, framed, B2",19 - Leaf from the Ramayana: Rama and his Allies Take Counsel,Gary Crawford,,"Private collection, California. 
Christie’s, London, 8 July 1982, lot 144.
Forge and Lynch
Kapoor
Gary Crawford
Kapoor",,
2021,,Two illustrations from the Ramayana: Sita in Ravana’s Palace,Mewar,early 18th century,Opaque watercolor heightened with gold on paper,Image: 8 3/4 x 15 in. (22.2 x 38.1 cm.),Gallery 4/28,Leaf from the Ramayana,"Skinner 3/22/19, lot 452",Doris Weiner Gallery P.1899,Purchased in the US in 1972 and descended in the Steig family,,
2022,,Illustration to a Ragamala series: Kakubha Ragini,"Rajasthan, possibly Gwalior/Raghugarh",1780 – 1800,Opaque watercolor heightened with gold on paper,Image 7 7/8 x 4 3/8 in.,,Illustration to a Ragamala series: Kakubha Ragini,,,"Doris Wiener Gallery, acquired 1/27/76.Rubin-Ladd Foundation no. I-1415-2, 2015-present.",,
2019,,Illustration to a Ragamala Series: Kakubha Ragini,Jaipur,19th century,Opaque watercolor heightened with gold on paper,6 ¾ x 4 ⅓ in. (17 x 11 cm.),"Framed,
closet, B2",74 - Illustration to a Ragamala Series: Kakubha Ragini  / Radha Feeding Peacocks,"Millon, 12/3/18, lot 305",,From a Private French Collection.,,
,,A Prince with a Falcon,Kishangarh,18th century,Opaque watercolor heightened with gold on paper,9 x 5 3/4 in. (22.9 x 14.6 cm.),"closet, framed, A2",11- Portrait of a Prince with a Falcon,"Rago 4/14/19, lot 1001",,"The Collection of Helen and Joe Darion, New York, by February 1968 (no. 41).",,
,,"Shiva as Tripurantaka, The Destroyer of Tripura ",Mandi,circa 1750-1780,Opaque watercolor heightened with gold on paper,"Image: 7 3/8 x 9 5/8 in. (18.6 x 24.3 cm.)
Folio: 9 x 11 ½ in. (22.9 x 29.2 cm.)","Framed,
gallery",15 - Shiva as Tripurantaka,"Christie's 3/20/19, lot 698",,Royal Mandi Collection. The estate of Carol Summers (1925-2016).,,
2022,,vajradhara,Tibet,15th century,Gilt-bronze,9 ¾ in. (24.8 cm.) high,glass case ,11 - Vajradhara (Large),,"Himalayan Art Resources (himalayanart.org), item no. 8375.","The collection of Engineer Holger Rosell (1917-2009), Stockholm.
With the National Museum Prins Eugens Waldemarsudde, Stockholm.
Uppsala Auktionskammare, 5 December 2014, lot 1001.
",,
2019,,Vajrasattva,Tibet,13th century,,3 1/2 in. (9 cm.) ,gallery,14 - Vajrasattva,,,"Cees van der Plog, 1995, by repute. Bonham’s Hong Kong, 2 Oct 2018, lot 132.",,
2021,,Arhat Kanakavatsa,Tibet,18th century,Ground mineral pigments on cloth,36 ¼ x 24 in. (92 x 61 cm.),gallery, Arhat Kanakavatsa ,,Himalayan Art Resources item no. 36292,"Koller Zurich, June 1978, lot 46.",,
2019,,Vajrapani,Tibet,17th century,Gilt Bronze with Polychrome,6 1/2 in. (16.5 cm.),RK apartment,8 - Vajrapani,,"Himalayan Art Resources (himalayanart.org), item no. 8040.",From a private North American Collection.,,
2019,,"Vajrapani, Hayagriva, Garuda combined",Tibet,19th century,Ground mineral pigments on cloth,29 1/4 x 20 in. (75 x 51 cm.),basement,30 - Hayagriva,?,HAR item no. 8047 ,"From a Private Italian Collection
",,
2019,,Amitayus, Tibet,16th century,Gilt Bronze,8 7/8 in. (22.6 cm.) high,RK apartment,9 - Amitayus,,"Himalayan Art Resources (himalayanart.org), item no. 8021.",Private Polish collection.,,
2019,,Maitreya,Tibet,14th-15th century,,8 1/2 in. (21.6 cm.),,,,HAR item no. 36297,Private European Collection,,
2021,,"Folio from an Usha-Aniruddha romance series: Chitralekha visits Aniruddha in Dwarka
",Garwhal,circa 1840,Opaque watercolor heightened with gold on paper,9 x 12 in. (22.9 x 30.5 cm.),Gallery 4/28,Folio from an Usha-Aniruddha Romance series,,,From a Private European Collection.,,
2022,,A princess enjoying paan on a terrace,Guler,circa 1790 - 1800,Opaque watercolor heightened with gold on paper,"Image: 7 ⅜ x 7 in. (18.7 x 17.8 cm.)
Folio: 9 ⅛ x 8 ⅜ in. (23.2 x 21.3 cm.)",Drawer 14,A Princess Enjoying a Pan on a Terrace,,,"Spink & Son Ltd, London, 1985",,
,,,,,,,,,,,,,
,,,,,,,,,,,,,
,,,,,,,,,,,,,
,,,,,,,,,,,,,
,,,,,,,,,,,,,
From 2022 Catalog,,,,,,,,,,,,,
2022,,Koftgari talwar,Rajasthan,17th-18th century,,"Sword: 37 ⅝ in. (95.5 cm.) long
In scabbard: 37 ¾ in. (95.9 cm.) long",gallery,https://drive.google.com/drive/folders/16r5BTUTE__9ThVO3TTCFnzbd8K8bKi2g?usp=sharing,"Sotheby's London, 31 March 2021, lot 95.","Leo S. Figiel, M.D., On Damascus Steel, New York, 1991, pp.100-1, no. IS5.","Ex-collection Dr. Leo S. Figiel, M.D. (1918-2013).

The renowned collection of Mughal arms of Dr. Figiel M.D. was sold through Butterfield & Butterfield, San Francisco, on 24 August 1998.",,
2022,,Painted saddle,Tibet,15th-17th Century,,24 x 14 in. (61 x 35.6 cm.),gallery,https://drive.google.com/drive/folders/1QS6D73bx62adQzab4be6dNeDJODI57hy?usp=sharing,Runjeet Singh,Himalayan Art Resources item no. 7504,,,
,,,,,,,,,,,,,
2022,,vajravarahi,Nepal,circa 1800,Painted wood,21 x 11 ¾ x 4 in. (53.3 x 29.8 x 10.2 cm.),,https://drive.google.com/drive/folders/1wLrkHjJJx0doGRUCIVfiIHl6yNUvpkYK?usp=sharing,"Heritage Auctions, 22 September 2021, lot. 78288.","“Tantra,” Hayward Gallery, London, Art Council of Great Britain, 30 September–7 November 1971.
P. Rawson, Tantra: Hayward Gallery, London, 1971, p. 31, no. 115.
HAR no. 7547","Philip Goldman, London.
Hayward Gallery, London.",,
2022,,Indian clay figures,Krishnanagar,19th century,"Clay, hair, cloth",varies- 11 1/4 in. (28.6 cm.) and under,gallery,https://drive.google.com/drive/folders/1EhgcD9cxuOpEODKb8Fg1pAswIcn_-bFF?usp=sharing,"John McInnis Auctioneers, 23 February 2021, lot #0601",,,,
2022,,illustration of bladesmith,"Attributed to the circle of Ghulam ‘Ali Khan (active 1817–1855), Company School, possibly Delhi",19th century,Opaque watercolor on paper,"Image: 4 ¾ x 4 ¼ in. (12.1 x 10.8 cm.)
Folio: 10 ¾ x 8 ¾ in. (27.3 x 22.2 cm.)",Portraits binder,https://drive.google.com/drive/folders/1hl2eVXOc83s5oRzUU4H04muTUiFI_26w?usp=sharing,,,,,
2022,,Two architectural drawings of the tombs of Shah Jahan and Mumtaz Mahal,"Company School, North India, possibly Delhi",Late 19th century,Opaque watercolor on paper,"Shah Jahan folio: 9 ½ x 13 ¾ in. (24.1 x 34.9 cm.)
Mumtaz folio: 9 x 13 ⅔ in. (22.9 x 33.9 cm.)
","Framed,
A2",https://drive.google.com/drive/folders/141kONHZwegMRjLRdCZ0P9DVUdG0JlXjw?usp=sharing,,,,,
2022,,Illustration to a Ragamala series: Todi Ragini,Provincial Mughal,18th century,Opaque watercolor heightened with gold on paper,"Image: 4 7/8 x 7 1/8 in. (12.4 x 18.1 cm.)
Folio: 13 x 10 (33 x 25.4 cm.) ",Drawer 14,https://drive.google.com/drive/folders/1KbSxq0B9lr2dlPS7nPqFrG-8LS4usttL?usp=sharing,,,"Private British collection. 
Christie’s South Kensington, 1 October 2012, lot 97.",,
2022,,Illustration to a Ragamala series: Todi Ragini,Mughal,18th century,Opaque watercolor heightened with gold on paper,"Image: 5 1/8 x 3 in. (13 x 7.6 cm.)
Folio: 6 1/4 x 4 1/8 in. (15.9 x 10.5 cm.)","Poster House Show,
Framed C2",https://drive.google.com/drive/folders/1XitIHUghify4TPXOBMLZeXlybZeyCTL0?usp=sharing,"Bonham's 17 Dec 2018, lot 345.",,"Private Florida collection, since 1992.
Bonham's San Francisco, 17 December 2018, lot 345",Bonham's cat,
2022,,Illustration to a Ragamala series: Gujari Ragini,Mughal,18th century,Opaque watercolor heightened with gold on paper,"Image: 5 ¼ x 3 ⅛ in. (13.3 x 7.9 cm.)
Folio: 7 ¼ x 4 ¾ in. (17.8 x 10.2 cm.)
",Drawer 14,https://drive.google.com/drive/folders/1HxJ-Ra8w0rhIQGEG33ckw5hp01-4DYwT?usp=sharing ,"Bonham's 17 Dec 2018, lot 345.",,"Private Florida collection, since 1992.
Bonham's San Francisco, 17 December 2018, lot 345",Bonham's cat,
2022,,Angels dance and fly,Pahari Hills,circa 1800,Opaque watercolor heightened with gold on paper,"Image: 9 x 6 ⅝ in. (22.9 x 16.8 cm.)
Folio: 11 ½ x 8 ⅞ in. (29.2 x 22.5 cm.)",Gallery,https://drive.google.com/drive/folders/1_4HPCYxhcTbMRD2X_KSKToEsBvUr386l?usp=sharing,,,,,
2022,,,Pahari Hills,18th century,Opaque watercolor heightened with gold on paper,"Image: 5 5/8 x 4 in. (14.3 x 10.2 cm.)
Folio: 9 5/8 x 6 5/8 in. (24.4 x 16.8 cm.)",Drawer 14,https://drive.google.com/drive/folders/1xfDYWagASTvhIeHXzSqxQ2WqSUVBJt2f?usp=sharing,"Freeman's, 14 October 2021, lot 151.",,"The collection of Dr. and Mrs. Giraud V. and Carolyn Foster, acquired in India, 1956.",,
2022,,Lakshmi-Narayana enthroned,"Pahari, Kangra Valley, maybe Garwhal",dated Samvat 1845 (1798 C.E.),Opaque watercolor heightened with gold on paper,8.2 x 8.1 in. (21 x 20.7 cm.),shipment pending,https://drive.google.com/drive/folders/1EQjkI43N_Y_xaivGQch0gB_eEUfGkCYv?usp=sharing,"Bonhams London,  25 October 2021, lot 304.",,"Hearst & Hearst, Boston, early 1980s.
Private Boston collection.",,
2022,,A nayika preparing to meet her beloved,Kangra,mid 19th century,Opaque watercolor heightened with gold on paper,Image: 7 2/3 x 5 in. (19.5 x 12.7 cm.) Folio: 10 1/2 x 7 in. (26.7 x 17.8 cm.),Gallery 4/28,https://drive.google.com/drive/folders/1qJzuzJFz9rMRZmS2EUGom_D1Y1uDvRJ3?usp=sharing,,,"Christie’s New York, 6 July 1978, lot 64. 
The collection of Dr. Alec Simpson.",,
,,,,,,,,,,,,,
2022,,Illustration to a Ragamala series: Tilangi Ragini,Kangra,circa 1800,Opaque watercolor heightened with gold on paper,"Image: 9 x 6 ½ in. (22.9 x 16.5 cm.)
Folio: 10 ¾ x 8 in. (27.3 x 20.3 cm.)","framed, gallery",https://drive.google.com/drive/folders/1tNIxAE8W8NugPHopKXXY4mLB_rTvHTzC?usp=sharing,,,Private English collection.,,
2022,,Illustration to a Ragamala series: Srihathi Ragini,Kangra,circa 1800,Opaque watercolor heightened with gold on paper,"Image: 9 ⅛ x 6 ⅝ in. (23.2 x 16.8 cm.)
Folio: 10 ¾ x 8 in. (27.3 x 20.3 cm.)",drawer 14,https://drive.google.com/drive/folders/1Dvn9YsOu91eJ52Z4XJmDxjlUANUFTiwR?usp=sharing,,,Private English collection.,,
,,,,,,,,,,,,,
2022,,"Illustration to the ‘Large’ Guler-Basohli Bhagavata Purana:
Satadhanva, Akrura, and Kratvarma in Discussion","Attributed to the first generation after Nainsukh and Manaku, Guler-Basohli",circa 1760-1765,Opaque watercolor heightened with gold on paper,"Image: 10 ¾ x 15 in. (27.4 x 38 cm.)
Folio: 11 ¾ x 16 1/8 in. (29.7 x 40.8 cm.)",shipment pending,https://drive.google.com/drive/folders/1zT8ApTffe_YPMK3-yFQyZikZQwq78WUi?usp=sharing,"Christie's London, 28 October 2021, lot 60.",,,,
2022,,Sambara and Rati,Guler-Chamba,circa 1780,Opaque watercolor on paper,"Image: 6 ⅝ x 9 ⅝ in. (16.8 x 24.6 cm.)
Folio: 8 ½ x 11 ½ in. (21.6 x 29.2 cm.)","Framed,
A2",https://drive.google.com/drive/folders/1tiyqXZK7yzmThq-TWZEZA0axomLNjADN?usp=sharing,"Christie's New York, 11 September 2019, lot 405.",,"Maggs Bros Ltd., London.
Private collection, acquired from the above 30 June 1984.",invoice,
2022,,Illustration to the Ramayana: Vasishtha Teaches Rama and Lakshmana,Mewar,1700-1710,Opaque watercolor heightened with gold on paper,"Image: 9 1/4 x 14 3/4 in. (23.5 x 37.5 cm.)
Folio: 10 1/4 x 15 7/8 in. (26 x 40.3 cm.)",Drawer 14,https://drive.google.com/drive/folders/1xA7aMwDPri0QSveBOUbRvsbtGuV8b5pL?usp=sharing,,,,,
2022,,Illustration to the Ramayana: Rishi Vishvamitra Visits King Dasharatha,Mewar,Early 18th century,Oapque watercolor on paper,"Image: 8 ⅝ x 14 ⅝ in. (20.3 x 35.6 cm.)
Folio: 10 ⅛ x 15 ⅝ in. (25.4 x 38.1 cm.)",Drawer 14,https://drive.google.com/drive/folders/1jddGJqnjg2YolLdN82y048MONyd0AbPH?usp=sharing,,,,,
,,,,,,,,,,,,,
2022,,Illustration from a Kama Sutra series,Kangra,,,,,,https://drive.google.com/drive/folders/1m9eqETq9aOqSh-SUjg6ah66fAoS4VXxF?usp=sharing,,,,
2022,,Illustration from a Kama Sutra series,Kangra,,,,,,https://drive.google.com/drive/folders/1yT59eIEx0mU9BWaRIJdEu6GdlurECo5n?usp=sharing,,,,
2022,,Illustration from a Kama Sutra series,Kangra,,,,,,https://drive.google.com/drive/folders/1EWtlJzIKy0oAu9H5X9_up06G-XvovQe7?usp=sharing,,,,
2022,,Illustration from a Kama Sutra series,Kangra,,,,,,https://drive.google.com/drive/folders/1xheve1mNDXOcw1OgnAIefVHHmWSHajBW?usp=sharing,,,,
2022,,Illustration from a Kama Sutra series,Kangra,,,,,,https://drive.google.com/drive/folders/18SxLC-BOd3o_LLWUWoZhhLD_TnR7p0Tx?usp=sharing,,,,
2022,,Illustration from a Kama Sutra series,Kangra,,,,,,https://drive.google.com/drive/folders/1KqJoVb5eaD_g_j9-otR304OzXFniEE3U?usp=sharing,,,,
2022,,Sansar Chand's Marriage Procession,,,,Opaque watercolor heightened with gold on paper,,,https://drive.google.com/drive/folders/1QqKsDlK9RvH4wRqq4lgDpidD9sZD80q4?usp=sharing,,,,
,,,,,,,,,,,,,
2022,,Illustration to a Rasikapriya series: Vihit Hava?,,By Purkhu for Raja Sansar Chand ,circa 1830-1840,Opaque watercolor heightened with gold on paper,,"Closet, A3",https://drive.google.com/drive/folders/1Rpn9HIa8spV1rbU9KDUxUD9tA3L_5mr8?usp=sharing,,,,
2022,,couple,,,,Opaque watercolor heightened with gold on paper,,,https://drive.google.com/drive/folders/1u-UlNCaIH6VOR1m574QxiszLof2gQf-l?usp=sharing,,,,
2022,,Raja smoking hookah,,,,Opaque watercolor heightened with gold on paper,"Closet, A3",,https://drive.google.com/drive/folders/1_gHnF8Cnm40GlA163dJMFPAF1Wz_Vw5x?usp=sharing,,,,
2022,,Sidh Sen,,Mandi,,Opaque watercolor heightened with gold on paper,,,https://drive.google.com/drive/folders/1EXQ6tarII8T1aoBXRg3tDxP7N6Dz53mI?usp=sharing,,,,
2022,,Shiva and Parvati on Mount Kailasa,,Mandi,Circa 1820s,Opaque watercolor heightened with gold on paper,"Image: 7 ¾ x 5 3/8 in. (19.6 x 13.6 cm.)
Folio: 11 x 8 ½ in. (28 x 21.5 cm.)",,https://drive.google.com/drive/folders/1pVWFkH7Quj27BFHuU-8wW8-vaFfBpf9d?usp=sharing,,,,
,,,,,,,,,,,,,
2022,,Kamrup and friends at sea from an Urdu version of the Qissa-i Kamrup va Kamlata,,Kashmir,Circa 1800,Opaque watercolor heightened with gold on paper,"Image: 9 7/8 x 5 7/8 in. (25 x 15 cm.)
Folio: 10 7/8 x 6 7/8 in. (27.6 x 17.5 cm.)",, ,,,,
2022,,The Shipwreck of Kamrup's Vessel from an Urdu version of the Qissa-i Kamrup va Kamlata,,Kashmir,Circa 1800,Opaque watercolor heightened with gold on paper,"Image: 9 7/8 x 5 3/4 in. (25 x 14.6 cm.)
Folio: 10 7/8 x 6 7/8 in. (27.6 x 17.5 cm.)",,https://drive.google.com/drive/folders/1Ds_PsTMHIEiF5CqLbM_m6W-kc0EdbDGH?usp=sharing,,,,
2022,,Manjnun in the Wilderness,,"India, Mughal or Sub-Imperial",mid-17th Century,Opaque watercolor on paper heightened with gold,"Image: 7⅜ by 4¼ in. (18.7 by 10.8 cm)
Folio: 8⅜ by 5⅜ in. (21.3 by 13.6 cm), unframed",,https://drive.google.com/drive/folders/1-9iG0S-1286xXAOvlP41O5l7gwX_KOyD?usp=sharing,,,,
2022,,A Prince and His Consort Strolling In a Garden,,"India, Guler",circa 1800-1810,Opaque watercolor heightened with gold on paper,"Image: 6 ⅜ by 4 in. (16.2 by 10.2 cm)
Folio: 9 ⅜ by 6 ⅞in. (23.8 by 17.5 cm)",,https://drive.google.com/drive/folders/1HNDKPUmBW_NLocjNuc-YjWCcIi42vgId?usp=sharing,,,,
2022,,Bhim Singh with attendants,,"Mewar, attributed to Baghta",19th century,Opaque watercolor heightened with gold on paper,Image: 6 5/8 x 9 ½ in.,,https://drive.google.com/drive/folders/1ksjZZ_tsIORaw5Ik5caBhtvH38Xoaai8?usp=sharing,,,,
2022,,Krishna Playing the Flute with Gopis,,"Rajasthan, Jaipur",late 18th – early 19th century,Opaque watercolor heightened with gold on paper,Image: 11 ½ x 14 ¾ in.,,8888,,,,
,,,,,,,,,,,,,
2022,,Leaf from the Kalpsutra ,,,,,,,https://drive.google.com/drive/folders/15FSEH3oU7JP1agbp2pR2XBzIyBB022BL?usp=sharing,,,,
,,,,,,,,,,,,,
From 2021 Catalog,,,,,,,,,,,,,
2021,,Ganesha,"Northeastern India, Pala Dynasty",11th century,Gray basalt,26 x 14 1/3 x 3 1/3 in. (66 x 36.3 x 8.4 cm.),Gallery,https://drive.google.com/drive/folders/1eUc4r2EcwE6taMbe0fMBS8UXNDziAt4E?usp=sharing,,,"From the collection of Jean-Claude Moreau- Gobard, 1960’s",,
,,,,,,,,,,,,,
2021,,Shiva and Parvati,Murshidabad,circa 1780,Opaque watercolor heightened with gold on paper,"Image: 10 x 8 in. (25.7 x 20.3 cm.)
Folio: 11 x 9 in. (28.2 x 22.9 cm.)

",Gallery,https://drive.google.com/drive/folders/1PGU9-YkiEcledcebSM6B0s8A41nCsIVr?usp=sharing,Rob Dean Art Ltd 11/1/2020,,Acquried by the present owner on the UK art market,,
2021,,Matrika Lotus Mandala,Nepal,16th-17th century,Copper alloy,7 ⅛ in. (18.3 cm.) diameter,glass case,https://drive.google.com/drive/folders/1mgrDYrTaq7U8odMn1o52WlSxMxK2nK1w?usp=sharing,,HAR item no. 7628,,,
,,,,,,,,,,,,,
,,,,,,,,,,,,,
,,,,,,,,,,,,,
,,,,,,,,,,,,,
,,,,,,,,,,,,,
2021,,Illustration to a Rasikapriya Series: Krishna and Radha at a Jarokha window,"Kangra, attributed to Purkhu",circa 1820,Opaque watercolor heightened with gold on paper,"Image: 10 3/8 x 6 ¾ in. (26.4 x  17.3 cm.)
Folio: 12 7/8 x 9 ¼ in. (32.8 x 23.5 cm.)
",Gallery 4/28,https://drive.google.com/drive/folders/1xA5PEAtcQ8PltpvXdhZSA0cxRqpM3KOx?usp=sharing,"Christie's London, Arts of India: Heavenly Gods and Earthly Pleasures, 26 June 2020, lot 68",,Mandi Royal Collection. Private English Collection.,,
2021,,Illustration to a Rasikapriya Series: Radha seated with a confidant in a pavilion,"Kangra, attributed to Purkhu",circa 1820,Opaque watercolor heightened with gold on paper,"Image: 10 7/8 x 7 in. (27.6 x  17.7 cm.)
Folio: 13 x 9 ¼ in. (33 x 23.5 cm.)
",Gallery,https://drive.google.com/drive/folders/1nCtXMVQuwg69piZfn7Tx-xKxRVU53aUT?usp=sharing,"Christie's London, Arts of India: Heavenly Gods and Earthly Pleasures, 26 June 2020, lot 69",,Mandi Royal Collection. Private English Collection.,,
2021,,Illustration to a Rasikapriya Series: An older Sakhi comforts a forlorn Radha,"Kangra, attributed to Purkhu",circa 1820,Opaque watercolor heightened with gold on paper,"Image: 10 x 6 ½ in. (25.4 x  16.4 cm)
Folio: 12 7/8 x 9 1/8 in. (32.8 x 23.1 cm.)
",Gallery,https://drive.google.com/drive/folders/1zC_qUk8YXsl9D9VZEvF0ulmly6Tp83PC?usp=sharing,"Christie's London, Arts of India: Heavenly Gods and Earthly Pleasures, 26 June 2020, lot 67",,Mandi Royal Collection. Private English Collection.,,
2021,,Illustration to a Rasikapriya Series: Krishna Enthroned,"Kangra, attributed to Purkhu",circa 1820,Opaque watercolor heightened with gold on paper,"Image: 10 1/8 x 6 ¾ in. (25.7 x  17.2 cm.)
Folio: 12 7/8 x 8 5/8 in. (32.4 x 21.9 cm.)
",Closet A2,https://drive.google.com/drive/folders/10NTlarXW0TcSMnobGIyz8X6QL2DM8PBA?usp=sharing,"Christie's London, Arts of India: Heavenly Gods and Earthly Pleasures, 26 June 2020, lot 30",,"Mandi Royal Collection, Private English Collection.",,
2021,,Illustration to a Rasikapriya series: Krishna seated with Radha  ,"Kangra, attributed to Purkhu",circa 1820,Opaque watercolor heightened with gold on paper,"Image: 9 ¾ x 6 ½ in. (24.8 x  16.5 cm.)
Folio: 13 x 9 1/8 in. (33 x 23.2 cm.)
",Gallery,https://drive.google.com/drive/folders/1VtCwbmbmkpSJZ4vrNXgakha4AwZWpr_Z?usp=sharing,"Christie's London, Arts of India: Heavenly Gods and Earthly Pleasures, 26 June 2020, lot 28", ,"Mandi Royal Collection, Private English Collection.",,
2021,,Illustration to a Rasikapriya series: Krishna conversing with a Sakhi  ,"Kangra, attributed to Purkhu",circa 1820,Opaque watercolor heightened with gold on paper,"Image: 9 3/4 x 6 3/8 in. (24.8 x  16.2 cm.)
Folio: 13 x 9 1/8 in. (33 x 23.2 cm.)
",Gallery,https://drive.google.com/drive/folders/1SrIZ19l6J4u2Ip9MROPEHGtfadKsofmm?usp=sharing,"Christie's London, Arts of India: Heavenly Gods and Earthly Pleasures, 26 June 2020, lot 9", ,"Mandi Royal Collection (gifted to the vendor in the UK in the late 70s or early 80s), Private English Collection.",,
2021,,A Nayika Writing a Note,Kangra,circa 1810-1830,Opaque watercolor heightened with gold on paper,Image: 8 1/4 x 6 in. (21 x 15.2 cm.) Folio: 9 3/4 x 7 3/4 in. (24.8 x 19.7 cm.),Closet cabinet,https://drive.google.com/drive/folders/1RqeJcdyX9g-725p8VSBPJxpmjnSaX45S,,,,,
2021,,Maiden with Mirror,Kangra,circa 1810,Opaque watercolor heightened with gold on paper,"Image: 4 7/8 x 3 5/8 in. (12.4 x 9.2 cm.)
Folio: 6 x 4 7/8 in. (15.2 x 12.4 cm.)",Laura?,https://drive.google.com/drive/folders/1u7hNzYtJtZ5PDfHPtX--T66f_4mJKn1m?usp=sharing,Rago 4/14/19 lot 1006,,"Lawner.
The Collection of Hellen and Joe Darion, New York, by February 1968 (no. 39).",,
,,,,,,,,,,,,,
,,,,,,,,,,,,,
,,,,,,,,,,,,,
2021,,Rama,"Eastern India, Orissa",15th century,Brass,16 1/4 in. (41.2 cm.) high,glass case,https://drive.google.com/drive/folders/1pygSqSMEsq5cHRpwg_GAqQJgcZIrCDya?usp=sharing,,,"Acquired in the 1990’s, New York",,
,,,,,,,,,,,,,
2021,,Lord Kubera,"Rajasthan, Udaipur",circa 1720,Opaque pigments on paper,"Image: 8 3/4 x 7 in. (22.2 x 17.8 cm.)
Folio: 10 x 8 1⁄2 in. (25.5 x 21.6 cm.)","closet, B2 ",https://drive.google.com/drive/folders/1sTTNU0W-BqCJB1vP54GGZmHAIQvuyxvI?usp=sharing,"Rita Dixit, Indian Miniatures, Gods and Gardens: Divinity, Magic, and Faith, cat. 6.",,Private European collection.,,
2021,,"Leaf from a Panch Kalyanaka of 
Rishabhanatha series:
 Prince Shreyans Achieves Jati-smaran Gyan","Rajasthan, Amber",1720 - 1750,Opaque watercolor on paper,"Image: 9 x 15 in. (22.8 x 38.1 cm.)
Folio: 10 1/2 x 16 1/2 in. (26.6 x 41.9 cm.)",Closet cabinet,https://drive.google.com/drive/folders/1csQXFtp0AeNp7jMwX8bDdp2X2y170zdr?usp=sharing,,,,,
2021,,Illustration to the Ashta Nayika: Abhisandhita Nayika,Kangra,late 19th century,Opaque watercolor heightened with gold on paper,"Image: 8 ¼ x 11 ⅞ in. (21 x 30.2 cm.)
Folio: 10 ½ x 14 ⅛ in. (26.7 x 35.9 cm.)
",Gallery,https://drive.google.com/drive/folders/1SRpvDQnklqHDHFBNBkzZG4tqPMNiK2If?usp=sharing,,,"Private New York collection, acquired in the 1970s.",,
2021,,Ganesha Enthroned,Kangra,first half of the 19th century,"Opaque watercolor heightened with gold on paper
",10 3/4 x 11 in. (27.2 x 28 cm.),Framed; office,https://drive.google.com/drive/folders/1HK8238GsU_bnNaJMxOxX-qfE7T6TMtFE?usp=sharing,,,"

",,
2021,,"Folio from an Usha-Aniruddha romance series: Chitralekha visits Aniruddha in Dwarka
",Garwhal,circa 1840,Opaque watercolor heightened with gold on paper,9 x 12 in. (22.9 x 30.5 cm.),Gallery 4/28,https://drive.google.com/drive/folders/1cQ_HIbHGHc-DaZQmB8uo06O45WaQYQjJ?usp=sharing,,,From a Private European Collection.,,
2021,,Seated Nobleman on a Terrace,Attributed to Pandit Seu and his family workshop,circa 1750,"Opaque watercolor heightened with gold on paper 
","Image: 7 1/8 x 5 3/8 in. (18.2 x 13.6 cm.)
Folio: 11 1/2 x 7 7/8 in. (29.1 x 20.1 cm.)","Poster House Show,
Framed C2",https://drive.google.com/drive/folders/1-b6ztm3x8V3MfvnhijJkYTpSQxAutHgp?usp=sharing,"Christie's 3/20/19, lot 713",,"Christie's New York, 20 March 2019, lot 713. Exhibited at Poster house",,
2021,,Women in the Zenana,Mughal,17th century,Opaque watercolor heightened with gold on paper,"Image: 9 x 5 in. (22.5 x 12.5 cm.)
Folio: 11 ¾ x 7 ½ in. (30 x 19 cm.)
",Gallery,https://drive.google.com/drive/folders/1-lOFx1_RQEd6NbL6Cend4wymJYFU7oco?usp=sharing,,,"Chrisite's London, 25 April 2013, lot 172.",,
2021,,Aurangzeb in Court,"Pahari, probably Bilaspur",mid-18th century,Opaque watercolor heightened with gold on paper,8 1/2 x 11 3/4 in. (21.6 x 29.8 cm.),Drawer 11,https://drive.google.com/drive/u/0/folders/1NmqnCAzKFht22hHflRugf9XJ0YsckQzc,,,,,
2021,,Baz Bahadur and Rupmati Riding at Night,"Mughal, probably Awadh",circa 1800,Gouache heightened with gold on paper,Image: 7 3/4 x 10 1/8 in. (19.7 x 25.7 cm.) Folio: 8 3/8 x 10 7/8 in. (21.2 x 27.6 cm.),STOLEN BY RAMESH,https://drive.google.com/drive/u/1/folders/17FW3DYX-l9izB2R1LvUUn5dPBDhB45Y0,,"Published: 
Daniel J. Ehnbom, Indian Miniatures: The Ehrenfeld Collection, New York, 1985, p.76-7, no.30.
Kapoor Galleries, A Sterling Collection of Indian & Himalayan Art, New York, 2011, no.15.

Exhibited:
Indian Miniatures from the Ehrenfeld Collection, American Federation of Arts, circulated September 1985-November 1987.","The Ehrenfeld Collection, California
Sotheby's, New York, 6 October 1990, lot 19
Carlton Rochell Asian Art, New York
The Sterling Collection, USA, 2011.",,
2021,,Maharaja Abhai Singh Receiving Thakur Bhandari Girdhar Das,Jodhpur,circa 1725-1730,Opaque watercolor heightened with gold on paper,12 1/4 x 9 3/4 in. (31.1 x 24.8 cm.),portfolio,https://drive.google.com/drive/folders/1NkC9vFawtCsdgnReblHlEE2T34y-y9F4?usp=sharing,"Christie’s New York, 14 September 2010, lot 203.","Rosemary Crill, Marwar Painting, a History of the Jodhpur Style (Mumbai: India Book House, 2000), p. 75, fig. 46.","The collection of Robert O. Muller.
Christie’s New York, 14 September 2010, lot 203.",,
,,,,,,,,,,,,,
2021,,Rao Bishan Singh Watching an Elephant Fight,Bundi ,circa 1804-1821,Gouache heightened with gold on paper,14 1/2 x 12 3/4 in. (36.8 x 32.4 cm.),Consigned to Christies September 2021,https://drive.google.com/drive/u/1/folders/1nkmubnI5-Ixa3YUKz4YWQKWfzTL2BoK-,,,Private European collection.,,
2021,,A Maiden Approaches a Nobleman,Kishangarh,circa 1740,Ink drawing with opaque watercolor heightened with gold on paper ,10 1/2 x 8 1/4 in. (26.7 x 21 cm.),"closet, G3 ",https://drive.google.com/drive/u/1/folders/1pnXyVesuIYgKcTyyvHyqakHh8XFLkOgx,Abel Auctions,,"Doris Wiener Gallery. 
Dorothy Seisel, 322 82nd Street, NY, NY.",,
2021,,Shah Jahan at a Jarokha Window,Mankot or Nurpur,mid-18th century,Opaque watercolor heightened with gold on paper ,"Image: 8 x 5 ½ in. (20.3 x 14 cm.) 
Folio: 9 x 6 in. (22.9 x 15.2 cm.)
",Drawer 11,https://drive.google.com/drive/u/1/folders/1GQngw1z_sCKyapNdkLodl9dayOy3tCxO,,"Pal, Pratapaditya, Romance of the Taj Mahal (Los Angeles County Museum of Art: 1989), p. 236-234, no. 254.",,,
2021,,Print from the India and Southeast Asia series: “Taj Mahal No. 1” ,"Yoshida Hiroshi (1876-1950), Japan",1931,Woodblock in colors,10 x 14 3/4 in. (25.4 x 37.5 cm.),"Closet, A2",https://drive.google.com/drive/folders/1F_uDTlxYxGg0wU7dum8ZJfH6ZjNKDdV6?usp=sharing,"RAGO
8/28/2018
lot 126",,,,
2021,,Pietra-Dura inlaid marble games table,Agra,19th century,Marble,"24 1/2 in. (62.2 cm.) in diameter 
22.5 in. (57.2 cm.) high",Gallery,https://drive.google.com/drive/folders/1DmLNQ3M7G4hy68MTYYJ9I0mKg3bHaDnI?usp=sharing,,,"Sotheby's New York, 28 October 1991, lot 182.",,
,,,,,,,,,,,,,
,,,,,,,,,,,,,
,,,,,,,,,,,,,
,,,,,,,,,,,,,
,,,,,,,,,,,,,
2021,,Five-pointed spear,Tibet,17th-18th century,,20 in. long (without stand),Gallery,https://drive.google.com/drive/folders/1RXhqQrrOn8N1DqYGrKhEito7eEWlQX7N?usp=sharing,"Runjeet Singh, 23 October 2020.",,"Jean Claude Moreau-Gobard.
The Andrault Collection.",,
2021,,Konchog Bang,Tibet,18th century,Distemper on cloth,28 ¼ x 19 in. (72 x 48 cm.),"storage, Crawford",https://drive.google.com/drive/folders/1JY-AsFMv4H-vFNBqn30guzW5SusUKMyl?usp=sharing,Sun Ming Collection,Himalayan Art Resources item no. 88593,Private UK Collection,,
,,,,,,,,,,,,,
,,,,,,,,,,,,,
,,,,,,,,,,,,,
From 2020 Catalog,,,,,,,,,,,,,
,,Brahma with Devotees,Bikaner,circa 1630-1640,Opaque watercolor heightened with gold on paper,10 1/8 x 7 5/8 in. (25.7 x 19.4 cm.),"Framed,
Closet, B2",https://drive.google.com/drive/folders/1LxUolBY-IfTBjc0f8_L7T8fhDShCG4Op?usp=sharing,"Christie's 3/20/19, lot 710",,Josefowitz (internal only),,
,,A Maharishi on a Terrace ,Bikaner,circa 1700,Opaque watercolor heightened with gold on paper,"Image: 10 x 7 1/4 in. (25.4 x 18.4 cm.) 
Folio: 12 x 9 1/4 in. (30.5 x 23.5 cm.) ","Framed,
C2",https://drive.google.com/drive/folders/1P_PTAiTfJJquzKGD28c_mqd0SjCiId4Y?usp=sharing,?,0,Private American collection.,,
,,Narasimha Disemboweling Hiranyakashipu ,"Mughal, probably Rajasthan",17th century,Opaque watercolor heightened with gold on paper,8 1/2 x 12 in. (16 1/4 x 11 1/2 cm.),"closet,
Framed B2",https://drive.google.com/drive/folders/1ldAhx8kuwxw9qUVd_9fVqAtt6EaWOBAk?usp=sharing,?,,"Private collection, Ohio.",,
,,Illustration to a Rasikapriya series: Beauty of Radha ,Bundi,circa 1680,Opaque watercolor heightened with gold on paper,11 3/8 x 5 7/8 in. (28.9 x 14.9 cm.),Drawer 14,https://drive.google.com/drive/folders/1x803Dd5yD_8ZJE_ImFOzYTQftYOinZ1F?usp=sharing,"Acquired from Michael Goedhius of Colnaghi Oriental, London, by Francoise et Claude Bourelier, Paris, 18 February 1987.",,"Michael Goedhius Colnaghi Oriental, London.
Acquired from the above by Francoise et Claude Bourelier, Paris, 18 February 1987. Artcurial, Paris, 12 May 2015, lot 292.",,
,,A leaf from a Panchatantra Series (or ‘Panchakhyana’ Series),Mewar,circa 1725,Opaque watercolor heightened with gold on paper,"Image: 7 ½ x 7 ⅛ in. (19 x 18 cm.) 
Folio: 13 x 10 ⅜ in. (33 x 26.5 cm.) 
","Framed,
A2",https://drive.google.com/drive/folders/1wHS5ZdGpTTD1Mwqnixgispq1FnUEDcF3?usp=sharing,,,"Private collection.
Bonham's New York, 11 September 2012, lot 124.
Christie's New York, 27 September 2017, lot 251.",,
,,An illustration to a Ragamala Series: Nat Ragini ,Datia,circa 1725,Opaque watercolor heightened with gold on paper,"Image: 9 x 6 1/4 in. (22.8 x 16 cm.)
Folio: 13 x 10 1/4 in. (33 x 26 cm.)","Framed,
A2",https://drive.google.com/drive/folders/1K-dv-tw_XpKGOk8B_bqCm_8RKDmhvFEn?usp=sharing,,,"Christie’s New York, 27 September 2017, lot 251. 
Bonhams New York, 11 September 2012, lot 63. 
",,
,,An illustration to the Ramayana: Rama and Lakshmana,"Attributed to Pandit Seu, Basohli",circa 1730,Opaque watercolor heightened with gold on paper,"Image: 8 1/4 x 12 1/4 in. (20.1 x 31.1 cm.)
Folio: 8 1/2 x 12 1/2 in. (21.6 x 31.8 cm.)","closet, cabinet",https://drive.google.com/drive/folders/1SO5hr7x5blILHYjzwZy0EJIuksVU32Cr?usp=sharing,?,,"Owner's father acquired them in the 1960's in India. They date back to the 1700's. He was a recognized collector from San Francisco. The family ran the Hale Bros Department Stores in SF, later became Carter, Hawley, Hale Stores..and later acquired a number of retail store chains including Nieman Marcus. He collected Monet, Manet, Morisot, Degas, Renoir, among others. There is a Renoir he donated to the Legion of Honor Museum in the SF Presidio. Do not know the exact date of the Stanford exhibition.
",,
,,,,,,,,,,,,,
,,,,,,,,,,,,,
,,A Raja and His Courtiers Playing Chaupar,Guler or Basohli,1720-1750,Opaque watercolor heightened with gold on paper,"Image: 9 1/4 x 6 1/2 in. (23.5 x 16.5 cm.)
Folio: 10 1/2 x 7 3/4 in. (26.7 x 19.7 cm.)",apartment,https://drive.google.com/drive/folders/1G5lNsmthk3OpSkVXJcBTbs53AcHfW48G?usp=sharing,purchased from small auction in NY,,"Owner's father acquired them in the 1960's in India. They date back to the 1700's. He was a recognized collector from San Francisco. The family ran the Hale Bros Department Stores in SF, later became Carter, Hawley, Hale Stores..and later acquired a number of retail store chains including Nieman Marcus. He collected Monet, Manet, Morisot, Degas, Renoir, among others. There is a Renoir he donated to the Legion of Honor Museum in the SF Presidio. Do not know the exact date of the Stanford exhibition.
",,
,,,,,,,,,,,,,
,,,,,,,,,,,,,
,,A portrait of a woman with a cat,Delhi,late 18th century,Opaque watercolor heightened with gold on paper,"Image: 6 1/4 x 4 in. (15.9 x 10.2 cm.)
Folio: 11 3/4 x 8 1/4 in. (29.8 x 21 cm.).",Drawer 11,https://drive.google.com/drive/folders/1vjfOjWo5JevGOh6Dv6z1wZVjn15u3nhI?usp=sharing,Andy Schoelkopf,,"From a distinguished New York collection, acquired 1968.",,
,,,,,,,,,,,,,
,,"
Maharaja Vijay Singh of Marwar",Jodhpur,1805-1815,Opaque watercolor heightened with gold on paper,"Image: 10 3⁄4 x 15 in. (27.3 x 38.1 cm.)
Folio: 12 1⁄2 x 17 in. (32 x 43 cm.)","basement,
BB2",https://drive.google.com/drive/folders/1KuT3SkpxeI4q1_mrt3fjQuDwxQ9VeHni?usp=sharing,"Millon, 12/3/18, lot 304",,Private European collection.,,
,,A commemorative portrait of Maharaja Rai Singh,Bikaner,19th century,Opaque water-based pigments with gold on board,"Image: 5 x 4 1/3 in. (12.7 x 10.9 cm.)
Folio:10 x 7 3/4 in. (25.4 x 19.7 cm.)","closet, cabinet",https://drive.google.com/drive/folders/1f1g7btFngSiEZfW6tJTMvcD_FlV1pxbR?usp=sharing,"Cowan's, 3/10/18, lot 386",,"Collection of the Maharaja of Bikaner, 1964, according to inventory seal verso (no. 4724).",,
,,An illustration to the Devi Mahatmya: The Demon Army,Jaipur,circa 1820-1840,Opaque watercolor heightened with gold on paper,"Image: 6 3/4 x 10 3/4 in. (17.1 x 27.3 cm.)
Folio: 9 1/4 x 12 3/4 in. (23.5 x 32.4 cm.)",Drawer 14,https://drive.google.com/drive/folders/1qU9qJBAu5bTdn2tIZmU94XZtzkLEl8fB?usp=sharing,Freeman's auction,"Exhibited:
Lycoming College Gallery; Williamsport Pennsylvania, 1981.","Bharany’s Gallery, 14 Sunder Nagar Market, New Delhi, India. 
Private collection, acquired from the above, 1978.",,
,,A leaf from the Devi Mahatmya: Homage of the Gods,Guler,circa 1850,Opaque watercolor heightened with gold on paper,8 3/4 x 12 2/3 in. (22 x 32 cm.),Drawer 6,https://drive.google.com/drive/folders/1n9DhW2AspJV13Qxpio8JDQyt2jzeFac2?usp=sharing,,,"Collection of the Marquess of Tweeddale.
Sotheby’s New York, 16 & 17 September 1998, lot 561. Private collection, United States.",,
,,An equestrian portrait of Maharana Bhim Singh of Mewar,Udaipur or Devgarh,mid-19th century,Opaque watercolor heightened with gold on paper,"Image: 10 ½ x 9 in. (26.7 x 22.9 cm.)
Folio: 11 ½ x 9 ⅞ in. (29 x 25 cm)",Drawer 13,https://drive.google.com/drive/folders/1eKmP6phHi2JIvITq7okS_RAD_LOH93cb?usp=sharing,,"Literature:
Will Heinrich, “Art: Tiny Works Full of Wonder”, New York Times, 17 August 2019.
Will Heinrich, “Art: Bold Colors from Rajasthan” in “The Week in Arts: An End to ‘The Affair’; A Lincoln Center Horror Show”, nytimes.com, 17 August 2019.",Ex-collection of Robert O Muller,,
,,Portrait of the Master Sufi Al-Shaykh Abd Al-Qadir Al-jaylani,Deccan,19th century,Opaque watercolor heightened with gold on paper,"Image: 8 3/4 x 5 7/8 (22.2 x 14.9 cm.)
Folio: 11 1/4 x 8 1/4 in. (28.5 x 21 cm.)","Framed, closet, B3",https://drive.google.com/drive/folders/10JQ0xLi8wkbJ_TYrXJUnXKtLwRNeH8S9?usp=sharing,"Million, 12/3/18, lot 300",,Private European collection.,,
,,Two Paithan paintings illustrating the Ramayana,Maharashtra,19th century,Opaque watercolor on paper,12 ½ x 18 ⅛ in. (31.7 x 46 cm.),basement,https://drive.google.com/drive/folders/17OCh5jx-YG2khriZ4nAtfkdRy3D7sTX5?usp=sharing,EBTH ,,"Private collection, Ohio.",,
,,A gray schist head of a bodhisattva,Ancient region of Gandhara, 2nd-3rd century,Grey Schist,13 in. (33 cm.) high,gallery,https://drive.google.com/drive/folders/1sbU4ipJzxdn80imvJzKibsbkr_Xnvg1d?usp=sharing,German auction,"Himalayan Art Resources (himalayanart.org), item no. 7774."," Private Belgian collection, by inheritance, originally acquired by his father during a working stay in Pakistan in the 1960’",,
,,Ardoksho,Ancient region of Gandhara,2nd - 3rd century ,Grey Schist,6 ½ in. (16.5 cm.),glass case,https://drive.google.com/drive/folders/14m-tyTW7krNE2eyPWZQmW5g8Se7E-PbQ?usp=sharing,,,"Christie’s Amsterdam, 8 May 2001, Lot 614.",,
,,Yaksha,Northeastern India," Pala period, 10th-11th century",Black basalt,32 x 13 x 5 ¾ in. (81.3 x 33 x 14.6 cm.),gallery,https://drive.google.com/drive/folders/1Q5-XDUdShUHARXxUQN-6to91Y7Yrv5Sl?usp=sharing,,," Sotheby’s, New York, 29 March 2006, lot 207",,
,,A silver-inlaid bronze figure of Ganesha,"Himachal Pradesh or Uttar Pradesh,",10th century,Bronze w silver inlay,4 1/8 in. (10.4 cm.) high,glass case,https://drive.google.com/drive/folders/1TraNXQ5yvtMIjOjC6krj8ZX4xL40lzHQ?usp=sharing,"John Suidmak, sold to Cecala, wife consigned to Kapoor","John Siudmak, Indian and Himalayan Sculpture and Thankas from the Collection of the Late Simon Digby, 2011, pp. 20-21, no. 9.",From the Collection of Asian Scholar Simon Digby,,
,,A bronze figure of Sambandhar,"Southern India, Tamil Nadu","Chola period, 10th century",Copper Alloy,17 ½ in. (45 cm.) high,"RETURNED (NOT SOLD)
RAMESH's",https://drive.google.com/drive/folders/1o9RPnUbzFg1R1iZ5CYZljzQVeaI8cPyP,,Art Loss No. S00156749,An important Italian collection,,
,,A bronze figure of Parvati,"South India, Tamil Nadu","Vijayanagara period, 15th-16th century",Bronze,3 in. (7.6 cm.) high,glass case,https://drive.google.com/drive/folders/1G6ZDWtpldhna4MSqVZQL3zezlh9f3aZu?usp=sharing,"Bonham’s San Francisco, 17 December 2018, lot 340
https://www.bonhams.com/auctions/24948/lot/340/ ",,"Private Florida Collection, acquired 1965-67.
Bonham’s San Francisco, 17 December 2018, lot 340.",,
,,A bronze shrine of Tirthankara Anantanatha ,"Western India, Rajasthan",dated 1491 Samvat (1434 CE),Bronze with silver and copper inlay,7 in. (18 cm.) high,gallery ,https://drive.google.com/drive/folders/1wOT_Tgzv5vY5mNmH_0ZFBxWgpvxvxona?usp=sharing,,,"Art & Textiles of the Islamic & Indian Worlds Including Works from the Collection of the Late SImon Digby; Christie’s South Kensington, 7 October 2011, Lot 313(1)",,
,,"
A gilt-bronze figure of Kala Bhairava",Nepal,16th-17th century,Bronze,4 in. (10.2 cm.) high,glass case,https://drive.google.com/drive/folders/1iyewqOb5jW2tPmiF1vtxCtizN3_MIBzj?usp=sharing,,"Himalayan Art Resources (himalayanart.org), item no. 7771. ","Sotheby's New York, 27 March 1991, lot 103.",,
,,A silver figure of Vajrapani,Tibet,13th-14th century,Silver,4 1/4 in. (10.8 cm.) high,glass case,https://drive.google.com/drive/folders/1nCYQ7fdj6f36fb3LT9lQb9q2BJxxNOVi?usp=sharing,Han Hai then private watson hotel collection ,"Himalayan Art Resources (himalayanart.org), item no. 7773.",Private European collection.,,
,,Buddha Shakyamuni and the Thirty-five Buddhas of Confession,"Western Tibet, Ngari Prefecture, Guge Kingdom,",15th century,Mineral pigments on cloth,45 x 35 in. (114.3 x 88.9 cm.),gallery,https://drive.google.com/drive/folders/1bDa2xYmmtQwGuadlJ0D-o0N_oMPhw2cM?usp=sharing,Chris Barker,"Himalayan Art Resources (himalayanart.org), item no. 7761.","Private collection, Germany.",,
,,A bronze figure of Kala Jambhala,Nepal,16th century,Bronze,4 1/4 (10.8 cm.) high,with Fritz Mang (conservator) as of 1/13,https://drive.google.com/drive/folders/1DnmQVOBukek6Pli1hx7TBXjjbjQX2_UC?usp=sharing,Bidsquare?,"Himalayan Art Resources (himalayanart.org), item no. 7770.","Private collection, New York.",,
,,A small bronze figure of Vajrasattva,Tibet,14th century,bronze,3 ½ in. (9 cm.) high,gallery,https://drive.google.com/drive/folders/182IgQleu9p-uBwTblK-dG23fWQYluRsR?usp=sharing,"Bonham’s Hong Kong, 2 Oct 2018, lot 132.","Himalayan Art Resources (himalayanart.org), item no. 61643.","Cees van der Plog, 1995, by repute. Bonham’s Hong Kong, 2 Oct 2018, lot 132.",,
,,Abhayakaragupta,Tibeto-Chinese,18th century,mineral pigments on cloth,39 1⁄2 x 23 1⁄2 in. (100.3 x 59.7 cm.),gallery; gold frame,https://drive.google.com/drive/folders/1tmsJtDOZ0hAmpH6Rtu_JhRevof5cHT5q?usp=sharing,"Heritage 9/9-10/19, lot 78314","Himalayan Art Resources (himalayanart.org), item no. 7718.","Private New York collection, acquired in the 1960s, by repute. 
Thence by descent.",,
,,,,,,,,,,,,,
From 2019 Catalog,,,,,,,,,,,,,
,,,,,,,,,,,,,
2019,,Vajrapani,Tibet,17th century,Gilt Bronze with Polychrome,6 1/2 in. (16.5 cm.),RK apartment,https://drive.google.com/drive/folders/1NYJtFAUbMFKQzhnF86u545dmLxjwZBlc?usp=sharing,,"Himalayan Art Resources (himalayanart.org), item no. 8040.",From a private North American Collection.,,
2019,,Amitayus, Tibet,16th century,Gilt Bronze,8 7/8 in. (22.6 cm.) high,RK apartment,https://drive.google.com/drive/folders/1YGP6J0y7BUk8Uipq9oO11T32ixYqLRap?usp=sharing,,"Himalayan Art Resources (himalayanart.org), item no. 8021.",Private Polish collection.,,
2019,,Vajradhara ,Tibet,15th century,Gilt Bronze,9 ¾ in. (24.8 cm.) high,glass case ,https://drive.google.com/drive/folders/1fxKH5FmOkZ_a42XVvCHa61ecbSEu3ES0?usp=sharing,,"Himalayan Art Resources (himalayanart.org), item no. 8375.","The collection of Holger Rosell (1917–2009), Stockholm.
The collection of the National Museum Prins Eugens Waldemarsudde, Stockholm.
Uppsala Auktionskammare, 5 December 2014, lot 1001.",,
2019,,Maitreya,Tibet,14th-15th century,,8 1/2 in. (21.6 cm.),,,,HAR item no. 36297,Private European Collection,,
2019,,Vajrasattva,Tibet,13th century,,3 1/2 in. (9 cm.) ,gallery,https://drive.google.com/drive/folders/1yc66Wcv1eJ8VPgi7JuTacu7XcypcxuRR?usp=sharing,,,"Cees van der Plog, 1995, by repute. Bonham’s Hong Kong, 2 Oct 2018, lot 132.",,
2019,,Avalokiteshvara,China,Qing Dynasty,Gilt-Bronze ,6 3/4 in. (17 cm.) high,,https://drive.google.com/drive/folders/1Y73IuiPyA5z-bn9NRhA_bGWVtc8usNoc?usp=sharing,,HAR item no. 8022,"Provenance:
From a private American Collection ",,
2019,,Pala Padmapani,India,circa 12th century,Bronze,3 7/8 in.,STOLEN BY RAMESH,https://drive.google.com/drive/folders/1ikTsc0IqPg8xs3166cJprhG0MKLitAft?usp=sharing,,,"From a private European collection, acquired in the 1980’s-1990’s	",,
2019,, Shakyamuni,Tibet,18th century,Ground mineral pigments and gold on cloth,"Image: 24 x 15 in. (61 x 38 cm)
Framed: 31 1/2 x 21 1/2 in. (80 x 55 cm)","basement
BC2",https://drive.google.com/drive/folders/1S9j3ijgndNTTO5mjlXzE_5Jvu7eP9VjT?usp=sharing,,HAR No. 8045,"
Collection of late John Walden (1925-2013)",,
2019,,The Elder Arhat Kanakavatsa,Tibet,circa 18th century,Ground mineral pigments on cloth,36 ¼ x 24 in. (92 x 61 cm.),gallery ,https://drive.google.com/drive/folders/19X-ghm2uErRzZd-WSRbjZCI5sWKmnoIK?usp=sharing,,,"Koller Zurich, June 1978, lot 46",,
,,,,,,,,,,,,,
,,,,,,,,,,,,,
2019,,Figure of Nandi,Rajasthan or Uttar Pradesh,circa 12th century,Sandstone,23 x 24 x 10 in. (58.4 x 61 x 25.4 cm.) ,stairway,https://drive.google.com/drive/folders/1Pbujd6Agj9XhP81BDeyrlxsjkwH_u-il?usp=sharing,,,"Private collection, acquired in 1990s 
Christie’s New York, September 21, 2005, lot 63",,
2019,,"Illustration to the ‘Large’ Guler-Basohli Bhagavata Purana: 
The Liberation of Nalakuvara and Manigriva
",Attributed to Manaku; Guler-Basohli,circa 1760-1765,Opaque watercolor heightened with gold on paper,"Image: 9 ⅛ x 13 ¼ in. (23.3 x 33.5 cm.)
Folio: 11 ¼ x 16 in. (28.9 x 41 cm.)
 ",Gallery 4/28,https://drive.google.com/drive/folders/1S8z2Sxz9zyTsVNlhIIfFDnIVrbbTJzFS?usp=sharing,,,The Collection of the late Brendan Garry (d. 16th September 2011). Siva Swaminathan (d. 26th March 2014).,,
,,,,,,,,,,,,,
2019,,Portrait of a Woman with a Cat,"India, Mughal",circa 18th century,Opaque watercolor heightened with gold on paper,"Image: 6 1/4 x 4 in. (15.9 x 10.2 cm.)
Folio: 11 3/4 x 8 1/4 in. (29.8 x 21 cm.)",B3,https://drive.google.com/drive/folders/1gTfrdvChlK3ysJhUazqUJL3wvklsxOac?usp=sharing,,,"From a distinguished New York collection, acquired 1968",,
2019,,"Two preparatory drawings, depicting an extensive battle scene, and a ploughing contest, probably scenes from the Mahabharata ","India, Kangra", Late 18th - early 19th Century,"Pen and ink on paper, numerous inscriptions in nagari script ",11 1/3 x 12 3/4 in. (29 x 32.5 cm.),,https://drive.google.com/drive/folders/1j2lSHkOBgO6lQ7U0KX3ZaEN45M0Pyk0p?usp=sharing,"Bonhams 12/5/18, lot 27",,From a private European Collection. ,,
2019,,"An Illustration To A Mahabharata Series:
Vidura confers with Dhritharashtra
Attributed to Purkhu",Kangra,circa 1820,Opaque watercolor heightened with gold on paper,,18 1/2 x 13 1/4 in. (47 x 34 cm.),Consigned to Christies September 2021,https://drive.google.com/drive/folders/1LPwyurUqZr_Mo9qlel2zeZWD7Bus8Sd7?usp=sharing,,,,
2019,,"Leaf from the Bhagavata Purana: The Story of Creation
Varaha, the Boar Incarnation of Vishnu Appears before Brahma, Manu, and Satarupa
","Guler, Attributed to Manaku ( Active c.1725 - c.1760)",circa 1740 ,Gouache and gold on paper,12 1/2 x 8 1/2 in. (31.7 x 21.6 cm.),RK apartment,https://drive.google.com/drive/folders/1dSPCPAJrEARhbtTw_T-4aQ-bkIxhcXyJ?usp=sharing,Able auction,,"Acquired in NY, July 7th, 1982 (original invoice available upon request)",,
2019,,Illustration to the Rasamanjari of Bhanu Dutta: The Intoxicated Courtesan,"Attributed to Devidasa, Basohli",circa 1695,"Opaque watercolor heightened with gold, silver and beetle wing cases on paper ", 8 1⁄4 x 11 1⁄2 in. (21 x 29.2 cm),,https://drive.google.com/drive/folders/17ZAzyjY-soO5wR1t-1hF0Ew8t_V-pC5E?usp=sharing,,,"Sotheby’s Parke Bernet, New York, 30 June 1980, Lot 166.
Doris Wiener, New York, 1981.
Bonhams, New York, 11 Sep 2012, lot 83.
Private Collection, USA.
",,
2019,,A leaf from the Shahnameh,Mughal,circa 1600,,"Image: 12 1/4 x 9 in. (31.1 x 23 cm 
Folio: 17.7 x 14 in. (45 x 35 1/2 cm)",Taken by Ramesh,https://drive.google.com/drive/folders/1wvA-f-tzhUPKVAyFeOPXx3bNOuy1jFEo?usp=sharing,,,"Estate of Theordore Allen Heinrich (1910-1981).
Professor Heinrich was an art historian, curator and educator. From 1955 to 1962, he was the director of the Royal Ontario Museum, and afterwards he taught art history at the University of Saskatchewan and York University.",,
2019,,Drunken Prince Led to Bed,"Mughal, Lucknow",18th Century,Gouache heightened with gold on paper,"Image: 9 5/8 x 7 1⁄2in. (24.5 x 19cm.) 
Folio: 13 x 11 1⁄4in. (33 x 28.5cm.)
","Closet, C3",https://drive.google.com/drive/folders/1IIkjenmbidAg9LxB-fXte7o5i64sD8qo?usp=sharing,,,"Christie’s, London, 4 October 2012, lot 178.",,
2019,,A Leaf from the Madhavanala Kamakandla,Provincial Mughal,circa 1750,Gouache and gold on paper,12 ¼ x 7 ¼ in. (31 x 18.5 cm),Drawer 6,https://drive.google.com/drive/folders/1_eF0GPCj8XSkJ2BWRwr-SRi2Gqa9H29c?usp=sharing,,,"Christie’s London, 4 October 2012, Lot 177.",,
2019,,Bhagavata Purana: The Pandavas and Krishna Bathe in the Jamuna,"Bikaner, attributed to Kayam (Qayam)",circa 1750,Gouache heightened with gold on prepared paper,"Image: 9 x 12 in. (22.8 x 30.4 cm.)
Folio: 11 1/2 x 14 3/4 in.  (29.2 x 37.4 cm.)",RK apartment,https://drive.google.com/drive/folders/17QFbFw2TnUmpO7T1ohgGZjF4OtxtDWCh?usp=sharing,,,,,
2019,,An Illustration from the Bhagavata Purana: Krishna Slaying the Bull Demon (Arishtasura),Rajasthan,Mid-18th c. ,Opaque pigments and gold on paper,6 x 10 1/8 in. (15 x 25.8 cm.),Drawer 9,https://drive.google.com/drive/folders/1U9PTShvaK9c3NxjklNbM8xbWDUdQmXsQ?usp=sharing,,,"2014.021; London Art Market, 2014.
Christie's New York, 26-27 September 2017, lot 228; The Collection of Paul F. Walter",,
2019,,Blind Mans Buff,Kangra,c. 1775-1780,,10 X 8 inches,Consigned to Christies September 2021,https://drive.google.com/drive/folders/1-hGipkfQ8lotBYlVme8ukvYvUshFztyJ?usp=sharing,,,,,
2019,,Leaf from the Devi Mahatmya: Durga in a Battle Against a Demon (Nishumbha),Jaipur,c. 1820-1840,Opaque watercolor heightened with gold on paper ,8 x 12 in. (20.3 x 30.5 cm.),Drawer 8,https://drive.google.com/drive/folders/1SJLKVF5TycdLNWStEkTPLE6n4MsEl04B?usp=sharing,"Freeman's 3/26/18, lot 203","Lycoming College Gallery; Williamsport Pennsylvania, 1981.","Bharany's Gallery, 14 Sunder Nagar Market, New Delhi, India.
Acquired from the above by the present owner 1978.",,
2019,,Illustration to the Devi Mahatmya: The Beauty of Ambika,Guler,c. 1810,Gouache heightened with gold on paper,8 1/4 x 12 in.,AAL,https://drive.google.com/drive/folders/1sO6z7HDp_zyTbtwMoFx42g2bjFWEzH2_?usp=sharing,,,"Christies, London, 10 October 1989, lot 70.",,
2019,,An Illustration to the Markandeya Purana: Ambika Reduces Dhumralochana to Ashes,Mandi,c. 1825,Gouache heightened with gold on paper,"Image: 7 ⅞ x 10 ¾ in. (20 x 27.3 cm.)
Folio: 10 ⅛ x 13 in. (25.7 x 33 cm.)
","basement
BB2",https://drive.google.com/drive/folders/1RFzn21y4ANkUtqbxin9tL-qKWseCUbZP?usp=sharing,,,"Mandi Royal Collection, 1969.
Private European Collection.",,
2019,,Sajnu Kali,Mandi,c. 1810,Opaque watercolors heightened with gold on paper,12 1/2 x 9 1/2 in. (31.8 x 24.2 cm.),Drawer 14,https://drive.google.com/drive/folders/178diNXdY6AfGpbDhs2310r5SblUYXIRh?usp=sharing,"Christie's King Street, 10 June 2015, lot 70.",,"Private Swiss Collection. Christie's King Street, 10 June 2015, lot 70.",,
2019,,Illustration to a Harivamsa Series: Narada Warns Kamsa,"Kangra, attributed to Purkhu",c. 1800-1820,Opaque watercolor heightened with gold on prepared paper,"Image: 16 ⅞ x 12 ½ in. (47.5 x 37 cm.)
Folio: 18 ½ x 14 ¼ in. (47 x 36.2 cm.)",RK apartment,https://drive.google.com/drive/folders/1baCafAJqtWs8ipe7wJCzPosc8MLrNYv7?usp=sharing,,,"Acquired by Stanley A Kaplan, in India, during the 1940s-1950s.",,
2019,,Leaf from the Bhagavata Purana Depicting Vishnu and Garuda: The Liberation of Gajendra Moksha ,Bundi,18th century,Gouache heightened with gold on paper ,7 5/8 x 11 1/8 in. (19.4 x 28.3 cm.),"Framed,
B2",https://drive.google.com/drive/folders/19ufKs_Cs6ECBEKGzeHzOhFHFek12cTcO?usp=sharing,,," Collection of the Marquess of Tweeddale. 
Private New York Collection, acquired in the 1990’s. 
",,
2019,,A Leaf from the Hamir Hath ,Mandi,c. 1810,,"Image: 12 ⅝ x 17 ¾ in. (32 x 35 cm.)
Folio: 14 ⅝ x 19 ⅞ in. (37 x 50.5 cm.)",Consigned to Christies September 2021,https://drive.google.com/drive/folders/1_IV-HD_ygwNLv8DPsbs64pcZ2MGHm3nL?usp=sharing,,,,,
2019,,Rama and Sita Enthroned,"Punjab Hills, Guler",c. 1830,Gouache heightened with gold on paper,"Folio: 9 ⅞ x 7 ¾ in. (25.1 x 19.6 cm.)
Image: 9 x 6 ¾ in. (23 x 17.2 cm.)

",,https://drive.google.com/drive/folders/1vtMCEDPUXM346vfbvV_QA2lki2a5KkQm?usp=sharing,,,"Christie’s South Kensington, 4 October 2012, lot 211.",,
2019,,Rada and Krishna watching Nautch ,Kangra,c. 1800,Gouache heightened with gold on paper,10 x 7 1/8 in. ,RK apartment,https://drive.google.com/drive/folders/1e8eTFh-Q6GexPgXmFZM-LStNvef964nr?usp=sharing,,,"Collection of Dr. K. Aterman, acquired in London, 1950s-1960s.",,
,,,,,,,,,,,,,
2019,,Love-Lorn Lady,Kangra,c1850,,9 3/4 x 11 5/8 in. ,office,https://drive.google.com/drive/folders/1KI9yMttLKKVvHhtDOmTxdh5EsX63X-Ng?usp=sharing,,,,,
,,,,,,,,,,,,,
2019,,Lakshmi massaging the foot of Vishnu,Kangra,circa 1810-1820,Opaque watercolor heightened with gold and silver on paper,"Painting: 9 1/8 x  6 1/8 in. (23.3 x 15.8 cm.)
Folio: 11 1/8 x 8 ¼ in. (28.5 x 21 cm.) 

","Framed,
C2",https://drive.google.com/drive/folders/1lnn9R-Gs8avLimpQT_uUbIVRT0Nv-ZOR?usp=sharing,,,"Forge Lynch will find invoice

Private collection, Canada. 
",,
2019,,Krishna shares a drink with Radha,"Kishangarh, North India",c. 1800,Gouache Heightened with Gold on Paper,12 1/4 x 10 in.,RK apartment,https://drive.google.com/drive/folders/1vQ3WQ8_iiQF3nEOCKKooYV-uAABRKXS2?usp=sharing,,,Private European Collection.,,
2019,,Krishna & Radha / Illustration to a Baramasa Series: The Month of Pausha (Mid December to Mid January),Kangra,c. 1800,,10 x 7 1/8 in.,Consigned to Christies September 2021,https://drive.google.com/drive/folders/1VXU2jtBEhsIyW5v6YGTppmlrSxDs8Mnb?usp=sharing,,,,,
2019,,Krishna Paying Homage to Radha,Kangra,c. 1810,Gouache heightened with gold on paper,9 ⅓ x 6 ¾ in. (23.7 x 17.1 cm.),"closet,
Framed
B2",https://drive.google.com/drive/folders/1e8UHkojxPr2bGnstnwzlrCHsZmGGD--g?usp=sharing,,," Koller Zurich, 30 October 20154, Lot 54.",,
2019,,Krishna on the Road to Kundinapura: A folio from a Rukmini Harana Series,Garhwal (Pahari),c. 1800,,"Folio: 7 ½ x 10 ¾ in. (19 x 27.3 cm.)
Image: 7 x 10 in. (17.8 x 25.4 cm.)",RK apartment,https://drive.google.com/drive/folders/1P9300gXZZFOmD9_hBHWAzkIPdUtgSzzD?usp=sharing,,,,,
2019,,The Elephant Meghabaran Goes on a Rampage,Kishangarh,c. 1800,Opaque watercolor heightened with gold on paper,8 1/4 by 8 in. (21 by 20.2 cm.),RK apartment,https://drive.google.com/drive/folders/1mD9uXX4smNcuEVXlk_nKrD0hx36KJdU5?usp=sharing,,,"Sotheby’s, New York, 19 September 2008, lot 222. ",,
2019,,Women at a Water Well,Provincial Mughal,1850-1900,Opaque watercolors heightened with gold on paper,7 1⁄2 x 4 3⁄4 in. (19 x 12 cm.),z,https://drive.google.com/drive/folders/1A5ejbe76dk2DEgrCA-Fzt4k-U0x63Kpm?usp=sharing,** need to add image in folder,,From a Private New York Collection.,,
,,,,,,,,,,,,,
Portraits Catalog,,,,,,,,,,,,,
,,Maharao Ram Singh of Bundi Holding a Blossom,,,,,,,,,,,
,,Maharao Ram Singh II of Kotah & Maharao Ram Singh of Bundi,,,,,,,,,,,
,,Maharao Ram Singh II Taming a Black Buck,,,,,,,,,,,
,,Maharana Ari Singh Riding in a Procession to Jagan Nath,,,,,,,,,,,
,,A Portrait of the Stallion Sitaraj,,,,,,,,,,,
,,Maharana Bhim Singh Riding a Caparisoned Elephant,,,,,,,,,,,
,,A Raja and His Courtiers Playing Chaupar,,,,,,,,,,,
,,Portrait of Mian Avalia,,,,,,,,,,,
,,Portrait of Tholu Sanyal,,,,,,,,,,,
,,Prince Thata Singh in a Hunting Procession,,,,,,,,,,,
,,Maharaja Kailash Pal of Nurpur ,,,,,,,,,,,
,,Dev Singh of Mandi,,,,,,,,,,,
,,Aurangzeb in Court,,,,,,,,,,,
,,Shah Jahan at a Jarokha Window,,,,,,,,,,,
,,Khalifah Sayyid Ahmad Lies Dead,,,,,,,,,,,
,,A Nobleman Holding a Hunting Falcon,,,,,,,,,,,
,,A Portrait of Mian Hadala Pal,,,,,,,,,,,
,,Raja Prakash Chand of Guler Smoking (Check inscription),,,,,,,,,,,
,,Sayyid Hussein Ali (Firoz Jang) Speaking to Courtiers,,,,,,,,,,,
,,Sayyid Hasan Ali Receives a Minister,,,,,,,,,,,
,,A Maiden with an Open Book,,,,,,,,,,,
,,A Shaivite Yogi Plucks a Veena,,,,,,,,,,,